{
  "ore_veins_enabled": false,
  "noodle_caves_enabled": false,
  "legacy_random_source": true,
  "disable_mob_generation": false,
  "aquifers_enabled": false,
  "noise_caves_enabled": false,
  "default_fluid": {
    "Properties": {
      "level": "0"
    },
    "Name": "minecraft:water"
  },
  "surface_rule": {
    "sequence": [
      {
        "if_true": {
          "random_name": "minecraft:bedrock_floor",
          "true_at_and_below": {
            "above_bottom": 0
          },
          "false_at_and_above": {
            "above_bottom": 5
          },
          "type": "minecraft:vertical_gradient"
        },
        "then_run": {
          "result_state": {
            "Name": "minecraft:bedrock"
          },
          "type": "minecraft:block"
        },
        "type": "minecraft:condition"
      },
      {
        "if_true": {
          "invert": {
            "random_name": "minecraft:bedrock_roof",
            "true_at_and_below": {
              "below_top": 5
            },
            "false_at_and_above": {
              "below_top": 0
            },
            "type": "minecraft:vertical_gradient"
          },
          "type": "minecraft:not"
        },
        "then_run": {
          "result_state": {
            "Name": "minecraft:bedrock"
          },
          "type": "minecraft:block"
        },
        "type": "minecraft:condition"
      },
      {
        "if_true": {
          "biome_is": [
            "minecraft:basalt_deltas"
          ],
          "type": "minecraft:biome"
        },
        "then_run": {
          "sequence": [
            {
              "if_true": {
                "offset": 0,
                "add_surface_depth": true,
                "add_surface_secondary_depth": false,
                "surface_type": "ceiling",
                "type": "minecraft:stone_depth"
              },
              "then_run": {
                "result_state": {
                  "Properties": {
                    "axis": "y"
                  },
                  "Name": "minecraft:basalt"
                },
                "type": "minecraft:block"
              },
              "type": "minecraft:condition"
            },
            {
              "if_true": {
                "offset": 0,
                "add_surface_depth": true,
                "add_surface_secondary_depth": false,
                "surface_type": "floor",
                "type": "minecraft:stone_depth"
              },
              "then_run": {
                "sequence": [
                  {
                    "if_true": {
                      "noise": "minecraft:patch",
                      "min_threshold": -0.012,
                      "max_threshold": 1.7976931348623157E308,
                      "type": "minecraft:noise_threshold"
                    },
                    "then_run": {
                      "if_true": {
                        "anchor": {
                          "absolute": 30
                        },
                        "surface_depth_multiplier": 0,
                        "add_stone_depth": true,
                        "type": "minecraft:y_above"
                      },
                      "then_run": {
                        "if_true": {
                          "invert": {
                            "anchor": {
                              "absolute": 35
                            },
                            "surface_depth_multiplier": 0,
                            "add_stone_depth": true,
                            "type": "minecraft:y_above"
                          },
                          "type": "minecraft:not"
                        },
                        "then_run": {
                          "result_state": {
                            "Name": "minecraft:gravel"
                          },
                          "type": "minecraft:block"
                        },
                        "type": "minecraft:condition"
                      },
                      "type": "minecraft:condition"
                    },
                    "type": "minecraft:condition"
                  },
                  {
                    "if_true": {
                      "noise": "minecraft:nether_state_selector",
                      "min_threshold": 0.0,
                      "max_threshold": 1.7976931348623157E308,
                      "type": "minecraft:noise_threshold"
                    },
                    "then_run": {
                      "result_state": {
                        "Properties": {
                          "axis": "y"
                        },
                        "Name": "minecraft:basalt"
                      },
                      "type": "minecraft:block"
                    },
                    "type": "minecraft:condition"
                  },
                  {
                    "result_state": {
                      "Name": "minecraft:blackstone"
                    },
                    "type": "minecraft:block"
                  }
                ],
                "type": "minecraft:sequence"
              },
              "type": "minecraft:condition"
            }
          ],
          "type": "minecraft:sequence"
        },
        "type": "minecraft:condition"
      },
      {
        "if_true": {
          "biome_is": [
            "minecraft:soul_sand_valley"
          ],
          "type": "minecraft:biome"
        },
        "then_run": {
          "sequence": [
            {
              "if_true": {
                "offset": 0,
                "add_surface_depth": true,
                "add_surface_secondary_depth": false,
                "surface_type": "ceiling",
                "type": "minecraft:stone_depth"
              },
              "then_run": {
                "sequence": [
                  {
                    "if_true": {
                      "noise": "minecraft:nether_state_selector",
                      "min_threshold": 0.0,
                      "max_threshold": 1.7976931348623157E308,
                      "type": "minecraft:noise_threshold"
                    },
                    "then_run": {
                      "result_state": {
                        "Name": "minecraft:soul_sand"
                      },
                      "type": "minecraft:block"
                    },
                    "type": "minecraft:condition"
                  },
                  {
                    "result_state": {
                      "Name": "minecraft:soul_soil"
                    },
                    "type": "minecraft:block"
                  }
                ],
                "type": "minecraft:sequence"
              },
              "type": "minecraft:condition"
            },
            {
              "if_true": {
                "offset": 0,
                "add_surface_depth": true,
                "add_surface_secondary_depth": false,
                "surface_type": "floor",
                "type": "minecraft:stone_depth"
              },
              "then_run": {
                "sequence": [
                  {
                    "if_true": {
                      "noise": "minecraft:patch",
                      "min_threshold": -0.012,
                      "max_threshold": 1.7976931348623157E308,
                      "type": "minecraft:noise_threshold"
                    },
                    "then_run": {
                      "if_true": {
                        "anchor": {
                          "absolute": 30
                        },
                        "surface_depth_multiplier": 0,
                        "add_stone_depth": true,
                        "type": "minecraft:y_above"
                      },
                      "then_run": {
                        "if_true": {
                          "invert": {
                            "anchor": {
                              "absolute": 35
                            },
                            "surface_depth_multiplier": 0,
                            "add_stone_depth": true,
                            "type": "minecraft:y_above"
                          },
                          "type": "minecraft:not"
                        },
                        "then_run": {
                          "result_state": {
                            "Name": "minecraft:gravel"
                          },
                          "type": "minecraft:block"
                        },
                        "type": "minecraft:condition"
                      },
                      "type": "minecraft:condition"
                    },
                    "type": "minecraft:condition"
                  },
                  {
                    "if_true": {
                      "noise": "minecraft:nether_state_selector",
                      "min_threshold": 0.0,
                      "max_threshold": 1.7976931348623157E308,
                      "type": "minecraft:noise_threshold"
                    },
                    "then_run": {
                      "result_state": {
                        "Name": "minecraft:soul_sand"
                      },
                      "type": "minecraft:block"
                    },
                    "type": "minecraft:condition"
                  },
                  {
                    "result_state": {
                      "Name": "minecraft:soul_soil"
                    },
                    "type": "minecraft:block"
                  }
                ],
                "type": "minecraft:sequence"
              },
              "type": "minecraft:condition"
            }
          ],
          "type": "minecraft:sequence"
        },
        "type": "minecraft:condition"
      },
      {
        "if_true": {
          "offset": 0,
          "add_surface_depth": false,
          "add_surface_secondary_depth": false,
          "surface_type": "floor",
          "type": "minecraft:stone_depth"
        },
        "then_run": {
          "sequence": [
            {
              "if_true": {
                "invert": {
                  "anchor": {
                    "absolute": 32
                  },
                  "surface_depth_multiplier": 0,
                  "add_stone_depth": false,
                  "type": "minecraft:y_above"
                },
                "type": "minecraft:not"
              },
              "then_run": {
                "if_true": {
                  "type": "minecraft:hole"
                },
                "then_run": {
                  "result_state": {
                    "Properties": {
                      "level": "0"
                    },
                    "Name": "minecraft:lava"
                  },
                  "type": "minecraft:block"
                },
                "type": "minecraft:condition"
              },
              "type": "minecraft:condition"
            },
            {
              "if_true": {
                "biome_is": [
                  "minecraft:warped_forest"
                ],
                "type": "minecraft:biome"
              },
              "then_run": {
                "if_true": {
                  "invert": {
                    "noise": "minecraft:netherrack",
                    "min_threshold": 0.54,
                    "max_threshold": 1.7976931348623157E308,
                    "type": "minecraft:noise_threshold"
                  },
                  "type": "minecraft:not"
                },
                "then_run": {
                  "if_true": {
                    "anchor": {
                      "absolute": 31
                    },
                    "surface_depth_multiplier": 0,
                    "add_stone_depth": false,
                    "type": "minecraft:y_above"
                  },
                  "then_run": {
                    "sequence": [
                      {
                        "if_true": {
                          "noise": "minecraft:nether_wart",
                          "min_threshold": 1.17,
                          "max_threshold": 1.7976931348623157E308,
                          "type": "minecraft:noise_threshold"
                        },
                        "then_run": {
                          "result_state": {
                            "Name": "minecraft:warped_wart_block"
                          },
                          "type": "minecraft:block"
                        },
                        "type": "minecraft:condition"
                      },
                      {
                        "result_state": {
                          "Name": "minecraft:warped_nylium"
                        },
                        "type": "minecraft:block"
                      }
                    ],
                    "type": "minecraft:sequence"
                  },
                  "type": "minecraft:condition"
                },
                "type": "minecraft:condition"
              },
              "type": "minecraft:condition"
            },
            {
              "if_true": {
                "biome_is": [
                  "minecraft:crimson_forest"
                ],
                "type": "minecraft:biome"
              },
              "then_run": {
                "if_true": {
                  "invert": {
                    "noise": "minecraft:netherrack",
                    "min_threshold": 0.54,
                    "max_threshold": 1.7976931348623157E308,
                    "type": "minecraft:noise_threshold"
                  },
                  "type": "minecraft:not"
                },
                "then_run": {
                  "if_true": {
                    "anchor": {
                      "absolute": 31
                    },
                    "surface_depth_multiplier": 0,
                    "add_stone_depth": false,
                    "type": "minecraft:y_above"
                  },
                  "then_run": {
                    "sequence": [
                      {
                        "if_true": {
                          "noise": "minecraft:nether_wart",
                          "min_threshold": 1.17,
                          "max_threshold": 1.7976931348623157E308,
                          "type": "minecraft:noise_threshold"
                        },
                        "then_run": {
                          "result_state": {
                            "Name": "minecraft:nether_wart_block"
                          },
                          "type": "minecraft:block"
                        },
                        "type": "minecraft:condition"
                      },
                      {
                        "result_state": {
                          "Name": "minecraft:crimson_nylium"
                        },
                        "type": "minecraft:block"
                      }
                    ],
                    "type": "minecraft:sequence"
                  },
                  "type": "minecraft:condition"
                },
                "type": "minecraft:condition"
              },
              "type": "minecraft:condition"
            }
          ],
          "type": "minecraft:sequence"
        },
        "type": "minecraft:condition"
      },
      {
        "if_true": {
          "biome_is": [
            "minecraft:nether_wastes"
          ],
          "type": "minecraft:biome"
        },
        "then_run": {
          "sequence": [
            {
              "if_true": {
                "offset": 0,
                "add_surface_depth": true,
                "add_surface_secondary_depth": false,
                "surface_type": "floor",
                "type": "minecraft:stone_depth"
              },
              "then_run": {
                "if_true": {
                  "noise": "minecraft:soul_sand_layer",
                  "min_threshold": -0.012,
                  "max_threshold": 1.7976931348623157E308,
                  "type": "minecraft:noise_threshold"
                },
                "then_run": {
                  "sequence": [
                    {
                      "if_true": {
                        "invert": {
                          "type": "minecraft:hole"
                        },
                        "type": "minecraft:not"
                      },
                      "then_run": {
                        "if_true": {
                          "anchor": {
                            "absolute": 30
                          },
                          "surface_depth_multiplier": 0,
                          "add_stone_depth": true,
                          "type": "minecraft:y_above"
                        },
                        "then_run": {
                          "if_true": {
                            "invert": {
                              "anchor": {
                                "absolute": 35
                              },
                              "surface_depth_multiplier": 0,
                              "add_stone_depth": true,
                              "type": "minecraft:y_above"
                            },
                            "type": "minecraft:not"
                          },
                          "then_run": {
                            "result_state": {
                              "Name": "minecraft:soul_sand"
                            },
                            "type": "minecraft:block"
                          },
                          "type": "minecraft:condition"
                        },
                        "type": "minecraft:condition"
                      },
                      "type": "minecraft:condition"
                    },
                    {
                      "result_state": {
                        "Name": "minecraft:netherrack"
                      },
                      "type": "minecraft:block"
                    }
                  ],
                  "type": "minecraft:sequence"
                },
                "type": "minecraft:condition"
              },
              "type": "minecraft:condition"
            },
            {
              "if_true": {
                "offset": 0,
                "add_surface_depth": false,
                "add_surface_secondary_depth": false,
                "surface_type": "floor",
                "type": "minecraft:stone_depth"
              },
              "then_run": {
                "if_true": {
                  "anchor": {
                    "absolute": 31
                  },
                  "surface_depth_multiplier": 0,
                  "add_stone_depth": false,
                  "type": "minecraft:y_above"
                },
                "then_run": {
                  "if_true": {
                    "invert": {
                      "anchor": {
                        "absolute": 35
                      },
                      "surface_depth_multiplier": 0,
                      "add_stone_depth": true,
                      "type": "minecraft:y_above"
                    },
                    "type": "minecraft:not"
                  },
                  "then_run": {
                    "if_true": {
                      "noise": "minecraft:gravel_layer",
                      "min_threshold": -0.012,
                      "max_threshold": 1.7976931348623157E308,
                      "type": "minecraft:noise_threshold"
                    },
                    "then_run": {
                      "sequence": [
                        {
                          "if_true": {
                            "anchor": {
                              "absolute": 32
                            },
                            "surface_depth_multiplier": 0,
                            "add_stone_depth": false,
                            "type": "minecraft:y_above"
                          },
                          "then_run": {
                            "result_state": {
                              "Name": "minecraft:gravel"
                            },
                            "type": "minecraft:block"
                          },
                          "type": "minecraft:condition"
                        },
                        {
                          "if_true": {
                            "invert": {
                              "type": "minecraft:hole"
                            },
                            "type": "minecraft:not"
                          },
                          "then_run": {
                            "result_state": {
                              "Name": "minecraft:gravel"
                            },
                            "type": "minecraft:block"
                          },
                          "type": "minecraft:condition"
                        }
                      ],
                      "type": "minecraft:sequence"
                    },
                    "type": "minecraft:condition"
                  },
                  "type": "minecraft:condition"
                },
                "type": "minecraft:condition"
              },
              "type": "minecraft:condition"
            }
          ],
          "type": "minecraft:sequence"
        },
        "type": "minecraft:condition"
      },
      {
        "result_state": {
          "Name": "minecraft:netherrack"
        },
        "type": "minecraft:block"
      }
    ],
    "type": "minecraft:sequence"
  },
  "sea_level": 32,
  "structures": {
    "stronghold": {
      "distance": 32,
      "spread": 3,
      "count": 128
    },
    "structures": {
      "minecraft:stronghold": {
        "spacing": 1,
        "separation": 0,
        "salt": 0
      },
      "minecraft:igloo": {
        "spacing": 32,
        "separation": 8,
        "salt": 14357618
      },
      "minecraft:fortress": {
        "spacing": 27,
        "separation": 4,
        "salt": 30084232
      },
      "minecraft:village": {
        "spacing": 34,
        "separation": 8,
        "salt": 10387312
      },
      "minecraft:buried_treasure": {
        "spacing": 1,
        "separation": 0,
        "salt": 0
      },
      "minecraft:endcity": {
        "spacing": 20,
        "separation": 11,
        "salt": 10387313
      },
      "minecraft:ocean_ruin": {
        "spacing": 20,
        "separation": 8,
        "salt": 14357621
      },
      "minecraft:mineshaft": {
        "spacing": 1,
        "separation": 0,
        "salt": 0
      },
      "minecraft:bastion_remnant": {
        "spacing": 27,
        "separation": 4,
        "salt": 30084232
      },
      "minecraft:pillager_outpost": {
        "spacing": 32,
        "separation": 8,
        "salt": 165745296
      },
      "minecraft:nether_fossil": {
        "spacing": 2,
        "separation": 1,
        "salt": 14357921
      },
      "minecraft:monument": {
        "spacing": 32,
        "separation": 5,
        "salt": 10387313
      },
      "minecraft:swamp_hut": {
        "spacing": 32,
        "separation": 8,
        "salt": 14357620
      },
      "minecraft:shipwreck": {
        "spacing": 24,
        "separation": 4,
        "salt": 165745295
      },
      "minecraft:mansion": {
        "spacing": 80,
        "separation": 20,
        "salt": 10387319
      },
      "minecraft:jungle_pyramid": {
        "spacing": 32,
        "separation": 8,
        "salt": 14357619
      },
      "minecraft:desert_pyramid": {
        "spacing": 32,
        "separation": 8,
        "salt": 14357617
      },
      "minecraft:ruined_portal": {
        "spacing": 25,
        "separation": 10,
        "salt": 34222645
      }
    }
  },
  "noise": {
    "terrain_shaper": {
      "offset": 0.0,
      "factor": 0.0,
      "jaggedness": 0.0
    },
    "size_horizontal": 1,
    "size_vertical": 2,
    "sampling": {
      "xz_scale": 1.0,
      "y_scale": 3.0,
      "xz_factor": 80.0,
      "y_factor": 60.0
    },
    "top_slide": {
      "target": 0.9375,
      "size": 3,
      "offset": 0
    },
    "bottom_slide": {
      "target": 2.5,
      "size": 4,
      "offset": -1
    },
    "min_y": 0,
    "height": 128
  },
  "default_block": {
    "Name": "minecraft:stone"
  }
}