{
  "deepslate_enabled": false,
  "ore_veins_enabled": false,
  "noodle_caves_enabled": false,
  "legacy_random_source": true,
  "sea_level": 0,
  "disable_mob_generation": true,
  "aquifers_enabled": false,
  "noise_caves_enabled": false,
  "default_fluid": {
    "Name": "minecraft:air"
  },
  "surface_rule": {
    "result_state": {
      "Name": "minecraft:end_stone"
    },
    "type": "minecraft:block"
  },
  "bedrock_roof_position": -2147483648,
  "bedrock_floor_position": -2147483648,
  "structures": {
    "structures": {
      "minecraft:nether_fossil": {
        "spacing": 2,
        "separation": 1,
        "salt": 14357921
      },
      "minecraft:shipwreck": {
        "spacing": 24,
        "separation": 4,
        "salt": 165745295
      },
      "minecraft:monument": {
        "spacing": 32,
        "separation": 5,
        "salt": 10387313
      },
      "minecraft:mansion": {
        "spacing": 80,
        "separation": 20,
        "salt": 10387319
      },
      "minecraft:mineshaft": {
        "spacing": 1,
        "separation": 0,
        "salt": 0
      },
      "minecraft:desert_pyramid": {
        "spacing": 32,
        "separation": 8,
        "salt": 14357617
      },
      "minecraft:igloo": {
        "spacing": 32,
        "separation": 8,
        "salt": 14357618
      },
      "minecraft:pillager_outpost": {
        "spacing": 32,
        "separation": 8,
        "salt": 165745296
      },
      "minecraft:swamp_hut": {
        "spacing": 32,
        "separation": 8,
        "salt": 14357620
      },
      "minecraft:ruined_portal": {
        "spacing": 40,
        "separation": 15,
        "salt": 34222645
      },
      "minecraft:stronghold": {
        "spacing": 1,
        "separation": 0,
        "salt": 0
      },
      "minecraft:bastion_remnant": {
        "spacing": 27,
        "separation": 4,
        "salt": 30084232
      },
      "minecraft:ocean_ruin": {
        "spacing": 20,
        "separation": 8,
        "salt": 14357621
      },
      "minecraft:village": {
        "spacing": 34,
        "separation": 8,
        "salt": 10387312
      },
      "minecraft:fortress": {
        "spacing": 27,
        "separation": 4,
        "salt": 30084232
      },
      "minecraft:jungle_pyramid": {
        "spacing": 32,
        "separation": 8,
        "salt": 14357619
      },
      "minecraft:endcity": {
        "spacing": 20,
        "separation": 11,
        "salt": 10387313
      },
      "minecraft:buried_treasure": {
        "spacing": 1,
        "separation": 0,
        "salt": 0
      }
    }
  },
  "noise": {
    "island_noise_override": true,
    "use_legacy_random": true,
    "size_vertical": 1,
    "density_factor": 0.0,
    "density_offset": 0.0,
    "top_slide": {
      "target": -23.4375,
      "size": 64,
      "offset": -46
    },
    "bottom_slide": {
      "target": -0.234375,
      "size": 7,
      "offset": 1
    },
    "size_horizontal": 2,
    "min_y": 0,
    "height": 128,
    "sampling": {
      "xz_scale": 2.0,
      "y_scale": 1.0,
      "xz_factor": 80.0,
      "y_factor": 160.0
    }
  },
  "octaves": {
    "erosion": {
      "firstOctave": 0,
      "amplitudes": [
        0.0
      ]
    },
    "weirdness": {
      "firstOctave": 0,
      "amplitudes": [
        0.0
      ]
    },
    "shift": {
      "firstOctave": 0,
      "amplitudes": [
        0.0
      ]
    },
    "temperature": {
      "firstOctave": 0,
      "amplitudes": [
        0.0
      ]
    },
    "humidity": {
      "firstOctave": 0,
      "amplitudes": [
        0.0
      ]
    },
    "continentalness": {
      "firstOctave": 0,
      "amplitudes": [
        0.0
      ]
    }
  },
  "default_block": {
    "Name": "minecraft:end_stone"
  }
}