{
  "aquifers_enabled": false,
  "ore_veins_enabled": false,
  "legacy_random_source": true,
  "spawn_target": [],
  "sea_level": -64,
  "disable_mob_generation": false,
  "default_fluid": {
    "Properties": {
      "level": "0"
    },
    "Name": "minecraft:water"
  },
  "noise_router": {
    "final_density": {
      "argument": {
        "argument1": 0.64,
        "argument2": {
          "argument": {
            "argument": {
              "argument1": -0.234375,
              "argument2": {
                "argument1": {
                  "from_y": 4,
                  "to_y": 32,
                  "from_value": 0.0,
                  "to_value": 1.0,
                  "type": "minecraft:y_clamped_gradient"
                },
                "argument2": {
                  "argument1": 0.234375,
                  "argument2": {
                    "argument1": -23.4375,
                    "argument2": {
                      "argument1": {
                        "from_y": 184,
                        "to_y": 440,
                        "from_value": 1.0,
                        "to_value": 0.0,
                        "type": "minecraft:y_clamped_gradient"
                      },
                      "argument2": {
                        "argument1": 23.4375,
                        "argument2": "minecraft:end/base_3d_noise",
                        "type": "minecraft:add"
                      },
                      "type": "minecraft:mul"
                    },
                    "type": "minecraft:add"
                  },
                  "type": "minecraft:add"
                },
                "type": "minecraft:mul"
              },
              "type": "minecraft:add"
            },
            "type": "minecraft:blend_density"
          },
          "type": "minecraft:interpolated"
        },
        "type": "minecraft:mul"
      },
      "type": "minecraft:squeeze"
    },
    "vein_toggle": 0.0,
    "vein_ridged": 0.0,
    "vein_gap": 0.0,
    "erosion": 0.0,
    "depth": 0.0,
    "ridges": 0.0,
    "initial_density_without_jaggedness": 0.0,
    "lava": 0.0,
    "temperature": {
      "xz_scale": 0.25,
      "y_scale": 0.0,
      "noise": "minecraft:temperature",
      "shift_x": "minecraft:shift_x",
      "shift_y": 0.0,
      "shift_z": "minecraft:shift_z",
      "type": "minecraft:shifted_noise"
    },
    "vegetation": {
      "xz_scale": 0.25,
      "y_scale": 0.0,
      "noise": "minecraft:vegetation",
      "shift_x": "minecraft:shift_x",
      "shift_y": 0.0,
      "shift_z": "minecraft:shift_z",
      "type": "minecraft:shifted_noise"
    },
    "continents": 0.0,
    "barrier": 0.0,
    "fluid_level_floodedness": 0.0,
    "fluid_level_spread": 0.0
  },
  "surface_rule": {
    "sequence": [
      {
        "sequence": [
          {
            "if_true": {
              "offset": 0,
              "add_surface_depth": false,
              "secondary_depth_range": 0,
              "surface_type": "floor",
              "type": "minecraft:stone_depth"
            },
            "then_run": {
              "sequence": [
                {
                  "if_true": {
                    "biome_is": [
                      "minecraft:wooded_badlands"
                    ],
                    "type": "minecraft:biome"
                  },
                  "then_run": {
                    "if_true": {
                      "anchor": {
                        "absolute": 97
                      },
                      "surface_depth_multiplier": 2,
                      "add_stone_depth": false,
                      "type": "minecraft:y_above"
                    },
                    "then_run": {
                      "sequence": [
                        {
                          "if_true": {
                            "noise": "minecraft:surface",
                            "min_threshold": -0.909,
                            "max_threshold": -0.5454,
                            "type": "minecraft:noise_threshold"
                          },
                          "then_run": {
                            "result_state": {
                              "Name": "minecraft:coarse_dirt"
                            },
                            "type": "minecraft:block"
                          },
                          "type": "minecraft:condition"
                        },
                        {
                          "if_true": {
                            "noise": "minecraft:surface",
                            "min_threshold": -0.1818,
                            "max_threshold": 0.1818,
                            "type": "minecraft:noise_threshold"
                          },
                          "then_run": {
                            "result_state": {
                              "Name": "minecraft:coarse_dirt"
                            },
                            "type": "minecraft:block"
                          },
                          "type": "minecraft:condition"
                        },
                        {
                          "if_true": {
                            "noise": "minecraft:surface",
                            "min_threshold": 0.5454,
                            "max_threshold": 0.909,
                            "type": "minecraft:noise_threshold"
                          },
                          "then_run": {
                            "result_state": {
                              "Name": "minecraft:coarse_dirt"
                            },
                            "type": "minecraft:block"
                          },
                          "type": "minecraft:condition"
                        },
                        {
                          "sequence": [
                            {
                              "if_true": {
                                "offset": 0,
                                "surface_depth_multiplier": 0,
                                "add_stone_depth": false,
                                "type": "minecraft:water"
                              },
                              "then_run": {
                                "result_state": {
                                  "Properties": {
                                    "snowy": "false"
                                  },
                                  "Name": "minecraft:grass_block"
                                },
                                "type": "minecraft:block"
                              },
                              "type": "minecraft:condition"
                            },
                            {
                              "result_state": {
                                "Name": "minecraft:dirt"
                              },
                              "type": "minecraft:block"
                            }
                          ],
                          "type": "minecraft:sequence"
                        }
                      ],
                      "type": "minecraft:sequence"
                    },
                    "type": "minecraft:condition"
                  },
                  "type": "minecraft:condition"
                },
                {
                  "if_true": {
                    "biome_is": [
                      "minecraft:swamp"
                    ],
                    "type": "minecraft:biome"
                  },
                  "then_run": {
                    "if_true": {
                      "anchor": {
                        "absolute": 62
                      },
                      "surface_depth_multiplier": 0,
                      "add_stone_depth": false,
                      "type": "minecraft:y_above"
                    },
                    "then_run": {
                      "if_true": {
                        "invert": {
                          "anchor": {
                            "absolute": 63
                          },
                          "surface_depth_multiplier": 0,
                          "add_stone_depth": false,
                          "type": "minecraft:y_above"
                        },
                        "type": "minecraft:not"
                      },
                      "then_run": {
                        "if_true": {
                          "noise": "minecraft:surface_swamp",
                          "min_threshold": 0.0,
                          "max_threshold": 1.7976931348623157E308,
                          "type": "minecraft:noise_threshold"
                        },
                        "then_run": {
                          "result_state": {
                            "Properties": {
                              "level": "0"
                            },
                            "Name": "minecraft:water"
                          },
                          "type": "minecraft:block"
                        },
                        "type": "minecraft:condition"
                      },
                      "type": "minecraft:condition"
                    },
                    "type": "minecraft:condition"
                  },
                  "type": "minecraft:condition"
                },
                {
                  "if_true": {
                    "biome_is": [
                      "minecraft:mangrove_swamp"
                    ],
                    "type": "minecraft:biome"
                  },
                  "then_run": {
                    "if_true": {
                      "anchor": {
                        "absolute": 60
                      },
                      "surface_depth_multiplier": 0,
                      "add_stone_depth": false,
                      "type": "minecraft:y_above"
                    },
                    "then_run": {
                      "if_true": {
                        "invert": {
                          "anchor": {
                            "absolute": 63
                          },
                          "surface_depth_multiplier": 0,
                          "add_stone_depth": false,
                          "type": "minecraft:y_above"
                        },
                        "type": "minecraft:not"
                      },
                      "then_run": {
                        "if_true": {
                          "noise": "minecraft:surface_swamp",
                          "min_threshold": 0.0,
                          "max_threshold": 1.7976931348623157E308,
                          "type": "minecraft:noise_threshold"
                        },
                        "then_run": {
                          "result_state": {
                            "Properties": {
                              "level": "0"
                            },
                            "Name": "minecraft:water"
                          },
                          "type": "minecraft:block"
                        },
                        "type": "minecraft:condition"
                      },
                      "type": "minecraft:condition"
                    },
                    "type": "minecraft:condition"
                  },
                  "type": "minecraft:condition"
                }
              ],
              "type": "minecraft:sequence"
            },
            "type": "minecraft:condition"
          },
          {
            "if_true": {
              "biome_is": [
                "minecraft:badlands",
                "minecraft:eroded_badlands",
                "minecraft:wooded_badlands"
              ],
              "type": "minecraft:biome"
            },
            "then_run": {
              "sequence": [
                {
                  "if_true": {
                    "offset": 0,
                    "add_surface_depth": false,
                    "secondary_depth_range": 0,
                    "surface_type": "floor",
                    "type": "minecraft:stone_depth"
                  },
                  "then_run": {
                    "sequence": [
                      {
                        "if_true": {
                          "anchor": {
                            "absolute": 256
                          },
                          "surface_depth_multiplier": 0,
                          "add_stone_depth": false,
                          "type": "minecraft:y_above"
                        },
                        "then_run": {
                          "result_state": {
                            "Name": "minecraft:orange_terracotta"
                          },
                          "type": "minecraft:block"
                        },
                        "type": "minecraft:condition"
                      },
                      {
                        "if_true": {
                          "anchor": {
                            "absolute": 74
                          },
                          "surface_depth_multiplier": 1,
                          "add_stone_depth": true,
                          "type": "minecraft:y_above"
                        },
                        "then_run": {
                          "sequence": [
                            {
                              "if_true": {
                                "noise": "minecraft:surface",
                                "min_threshold": -0.909,
                                "max_threshold": -0.5454,
                                "type": "minecraft:noise_threshold"
                              },
                              "then_run": {
                                "result_state": {
                                  "Name": "minecraft:terracotta"
                                },
                                "type": "minecraft:block"
                              },
                              "type": "minecraft:condition"
                            },
                            {
                              "if_true": {
                                "noise": "minecraft:surface",
                                "min_threshold": -0.1818,
                                "max_threshold": 0.1818,
                                "type": "minecraft:noise_threshold"
                              },
                              "then_run": {
                                "result_state": {
                                  "Name": "minecraft:terracotta"
                                },
                                "type": "minecraft:block"
                              },
                              "type": "minecraft:condition"
                            },
                            {
                              "if_true": {
                                "noise": "minecraft:surface",
                                "min_threshold": 0.5454,
                                "max_threshold": 0.909,
                                "type": "minecraft:noise_threshold"
                              },
                              "then_run": {
                                "result_state": {
                                  "Name": "minecraft:terracotta"
                                },
                                "type": "minecraft:block"
                              },
                              "type": "minecraft:condition"
                            },
                            {
                              "type": "minecraft:bandlands"
                            }
                          ],
                          "type": "minecraft:sequence"
                        },
                        "type": "minecraft:condition"
                      },
                      {
                        "if_true": {
                          "offset": -1,
                          "surface_depth_multiplier": 0,
                          "add_stone_depth": false,
                          "type": "minecraft:water"
                        },
                        "then_run": {
                          "sequence": [
                            {
                              "if_true": {
                                "offset": 0,
                                "add_surface_depth": false,
                                "secondary_depth_range": 0,
                                "surface_type": "ceiling",
                                "type": "minecraft:stone_depth"
                              },
                              "then_run": {
                                "result_state": {
                                  "Name": "minecraft:red_sandstone"
                                },
                                "type": "minecraft:block"
                              },
                              "type": "minecraft:condition"
                            },
                            {
                              "result_state": {
                                "Name": "minecraft:red_sand"
                              },
                              "type": "minecraft:block"
                            }
                          ],
                          "type": "minecraft:sequence"
                        },
                        "type": "minecraft:condition"
                      },
                      {
                        "if_true": {
                          "invert": {
                            "type": "minecraft:hole"
                          },
                          "type": "minecraft:not"
                        },
                        "then_run": {
                          "result_state": {
                            "Name": "minecraft:orange_terracotta"
                          },
                          "type": "minecraft:block"
                        },
                        "type": "minecraft:condition"
                      },
                      {
                        "if_true": {
                          "offset": -6,
                          "surface_depth_multiplier": -1,
                          "add_stone_depth": true,
                          "type": "minecraft:water"
                        },
                        "then_run": {
                          "result_state": {
                            "Name": "minecraft:white_terracotta"
                          },
                          "type": "minecraft:block"
                        },
                        "type": "minecraft:condition"
                      },
                      {
                        "sequence": [
                          {
                            "if_true": {
                              "offset": 0,
                              "add_surface_depth": false,
                              "secondary_depth_range": 0,
                              "surface_type": "ceiling",
                              "type": "minecraft:stone_depth"
                            },
                            "then_run": {
                              "result_state": {
                                "Name": "minecraft:stone"
                              },
                              "type": "minecraft:block"
                            },
                            "type": "minecraft:condition"
                          },
                          {
                            "result_state": {
                              "Name": "minecraft:gravel"
                            },
                            "type": "minecraft:block"
                          }
                        ],
                        "type": "minecraft:sequence"
                      }
                    ],
                    "type": "minecraft:sequence"
                  },
                  "type": "minecraft:condition"
                },
                {
                  "if_true": {
                    "anchor": {
                      "absolute": 63
                    },
                    "surface_depth_multiplier": -1,
                    "add_stone_depth": true,
                    "type": "minecraft:y_above"
                  },
                  "then_run": {
                    "sequence": [
                      {
                        "if_true": {
                          "anchor": {
                            "absolute": 63
                          },
                          "surface_depth_multiplier": 0,
                          "add_stone_depth": false,
                          "type": "minecraft:y_above"
                        },
                        "then_run": {
                          "if_true": {
                            "invert": {
                              "anchor": {
                                "absolute": 74
                              },
                              "surface_depth_multiplier": 1,
                              "add_stone_depth": true,
                              "type": "minecraft:y_above"
                            },
                            "type": "minecraft:not"
                          },
                          "then_run": {
                            "result_state": {
                              "Name": "minecraft:orange_terracotta"
                            },
                            "type": "minecraft:block"
                          },
                          "type": "minecraft:condition"
                        },
                        "type": "minecraft:condition"
                      },
                      {
                        "type": "minecraft:bandlands"
                      }
                    ],
                    "type": "minecraft:sequence"
                  },
                  "type": "minecraft:condition"
                },
                {
                  "if_true": {
                    "offset": 0,
                    "add_surface_depth": true,
                    "secondary_depth_range": 0,
                    "surface_type": "floor",
                    "type": "minecraft:stone_depth"
                  },
                  "then_run": {
                    "if_true": {
                      "offset": -6,
                      "surface_depth_multiplier": -1,
                      "add_stone_depth": true,
                      "type": "minecraft:water"
                    },
                    "then_run": {
                      "result_state": {
                        "Name": "minecraft:white_terracotta"
                      },
                      "type": "minecraft:block"
                    },
                    "type": "minecraft:condition"
                  },
                  "type": "minecraft:condition"
                }
              ],
              "type": "minecraft:sequence"
            },
            "type": "minecraft:condition"
          },
          {
            "if_true": {
              "offset": 0,
              "add_surface_depth": false,
              "secondary_depth_range": 0,
              "surface_type": "floor",
              "type": "minecraft:stone_depth"
            },
            "then_run": {
              "if_true": {
                "offset": -1,
                "surface_depth_multiplier": 0,
                "add_stone_depth": false,
                "type": "minecraft:water"
              },
              "then_run": {
                "sequence": [
                  {
                    "if_true": {
                      "biome_is": [
                        "minecraft:frozen_ocean",
                        "minecraft:deep_frozen_ocean"
                      ],
                      "type": "minecraft:biome"
                    },
                    "then_run": {
                      "if_true": {
                        "type": "minecraft:hole"
                      },
                      "then_run": {
                        "sequence": [
                          {
                            "if_true": {
                              "offset": 0,
                              "surface_depth_multiplier": 0,
                              "add_stone_depth": false,
                              "type": "minecraft:water"
                            },
                            "then_run": {
                              "result_state": {
                                "Name": "minecraft:air"
                              },
                              "type": "minecraft:block"
                            },
                            "type": "minecraft:condition"
                          },
                          {
                            "if_true": {
                              "type": "minecraft:temperature"
                            },
                            "then_run": {
                              "result_state": {
                                "Name": "minecraft:ice"
                              },
                              "type": "minecraft:block"
                            },
                            "type": "minecraft:condition"
                          },
                          {
                            "result_state": {
                              "Properties": {
                                "level": "0"
                              },
                              "Name": "minecraft:water"
                            },
                            "type": "minecraft:block"
                          }
                        ],
                        "type": "minecraft:sequence"
                      },
                      "type": "minecraft:condition"
                    },
                    "type": "minecraft:condition"
                  },
                  {
                    "sequence": [
                      {
                        "if_true": {
                          "biome_is": [
                            "minecraft:frozen_peaks"
                          ],
                          "type": "minecraft:biome"
                        },
                        "then_run": {
                          "sequence": [
                            {
                              "if_true": {
                                "type": "minecraft:steep"
                              },
                              "then_run": {
                                "result_state": {
                                  "Name": "minecraft:packed_ice"
                                },
                                "type": "minecraft:block"
                              },
                              "type": "minecraft:condition"
                            },
                            {
                              "if_true": {
                                "noise": "minecraft:packed_ice",
                                "min_threshold": 0.0,
                                "max_threshold": 0.2,
                                "type": "minecraft:noise_threshold"
                              },
                              "then_run": {
                                "result_state": {
                                  "Name": "minecraft:packed_ice"
                                },
                                "type": "minecraft:block"
                              },
                              "type": "minecraft:condition"
                            },
                            {
                              "if_true": {
                                "noise": "minecraft:ice",
                                "min_threshold": 0.0,
                                "max_threshold": 0.025,
                                "type": "minecraft:noise_threshold"
                              },
                              "then_run": {
                                "result_state": {
                                  "Name": "minecraft:ice"
                                },
                                "type": "minecraft:block"
                              },
                              "type": "minecraft:condition"
                            },
                            {
                              "if_true": {
                                "offset": 0,
                                "surface_depth_multiplier": 0,
                                "add_stone_depth": false,
                                "type": "minecraft:water"
                              },
                              "then_run": {
                                "result_state": {
                                  "Name": "minecraft:snow_block"
                                },
                                "type": "minecraft:block"
                              },
                              "type": "minecraft:condition"
                            }
                          ],
                          "type": "minecraft:sequence"
                        },
                        "type": "minecraft:condition"
                      },
                      {
                        "if_true": {
                          "biome_is": [
                            "minecraft:snowy_slopes"
                          ],
                          "type": "minecraft:biome"
                        },
                        "then_run": {
                          "sequence": [
                            {
                              "if_true": {
                                "type": "minecraft:steep"
                              },
                              "then_run": {
                                "result_state": {
                                  "Name": "minecraft:stone"
                                },
                                "type": "minecraft:block"
                              },
                              "type": "minecraft:condition"
                            },
                            {
                              "if_true": {
                                "noise": "minecraft:powder_snow",
                                "min_threshold": 0.35,
                                "max_threshold": 0.6,
                                "type": "minecraft:noise_threshold"
                              },
                              "then_run": {
                                "if_true": {
                                  "offset": 0,
                                  "surface_depth_multiplier": 0,
                                  "add_stone_depth": false,
                                  "type": "minecraft:water"
                                },
                                "then_run": {
                                  "result_state": {
                                    "Name": "minecraft:powder_snow"
                                  },
                                  "type": "minecraft:block"
                                },
                                "type": "minecraft:condition"
                              },
                              "type": "minecraft:condition"
                            },
                            {
                              "if_true": {
                                "offset": 0,
                                "surface_depth_multiplier": 0,
                                "add_stone_depth": false,
                                "type": "minecraft:water"
                              },
                              "then_run": {
                                "result_state": {
                                  "Name": "minecraft:snow_block"
                                },
                                "type": "minecraft:block"
                              },
                              "type": "minecraft:condition"
                            }
                          ],
                          "type": "minecraft:sequence"
                        },
                        "type": "minecraft:condition"
                      },
                      {
                        "if_true": {
                          "biome_is": [
                            "minecraft:jagged_peaks"
                          ],
                          "type": "minecraft:biome"
                        },
                        "then_run": {
                          "sequence": [
                            {
                              "if_true": {
                                "type": "minecraft:steep"
                              },
                              "then_run": {
                                "result_state": {
                                  "Name": "minecraft:stone"
                                },
                                "type": "minecraft:block"
                              },
                              "type": "minecraft:condition"
                            },
                            {
                              "if_true": {
                                "offset": 0,
                                "surface_depth_multiplier": 0,
                                "add_stone_depth": false,
                                "type": "minecraft:water"
                              },
                              "then_run": {
                                "result_state": {
                                  "Name": "minecraft:snow_block"
                                },
                                "type": "minecraft:block"
                              },
                              "type": "minecraft:condition"
                            }
                          ],
                          "type": "minecraft:sequence"
                        },
                        "type": "minecraft:condition"
                      },
                      {
                        "if_true": {
                          "biome_is": [
                            "minecraft:grove"
                          ],
                          "type": "minecraft:biome"
                        },
                        "then_run": {
                          "sequence": [
                            {
                              "if_true": {
                                "noise": "minecraft:powder_snow",
                                "min_threshold": 0.35,
                                "max_threshold": 0.6,
                                "type": "minecraft:noise_threshold"
                              },
                              "then_run": {
                                "if_true": {
                                  "offset": 0,
                                  "surface_depth_multiplier": 0,
                                  "add_stone_depth": false,
                                  "type": "minecraft:water"
                                },
                                "then_run": {
                                  "result_state": {
                                    "Name": "minecraft:powder_snow"
                                  },
                                  "type": "minecraft:block"
                                },
                                "type": "minecraft:condition"
                              },
                              "type": "minecraft:condition"
                            },
                            {
                              "if_true": {
                                "offset": 0,
                                "surface_depth_multiplier": 0,
                                "add_stone_depth": false,
                                "type": "minecraft:water"
                              },
                              "then_run": {
                                "result_state": {
                                  "Name": "minecraft:snow_block"
                                },
                                "type": "minecraft:block"
                              },
                              "type": "minecraft:condition"
                            }
                          ],
                          "type": "minecraft:sequence"
                        },
                        "type": "minecraft:condition"
                      },
                      {
                        "sequence": [
                          {
                            "if_true": {
                              "biome_is": [
                                "minecraft:stony_peaks"
                              ],
                              "type": "minecraft:biome"
                            },
                            "then_run": {
                              "sequence": [
                                {
                                  "if_true": {
                                    "noise": "minecraft:calcite",
                                    "min_threshold": -0.0125,
                                    "max_threshold": 0.0125,
                                    "type": "minecraft:noise_threshold"
                                  },
                                  "then_run": {
                                    "result_state": {
                                      "Name": "minecraft:calcite"
                                    },
                                    "type": "minecraft:block"
                                  },
                                  "type": "minecraft:condition"
                                },
                                {
                                  "result_state": {
                                    "Name": "minecraft:stone"
                                  },
                                  "type": "minecraft:block"
                                }
                              ],
                              "type": "minecraft:sequence"
                            },
                            "type": "minecraft:condition"
                          },
                          {
                            "if_true": {
                              "biome_is": [
                                "minecraft:stony_shore"
                              ],
                              "type": "minecraft:biome"
                            },
                            "then_run": {
                              "sequence": [
                                {
                                  "if_true": {
                                    "noise": "minecraft:gravel",
                                    "min_threshold": -0.05,
                                    "max_threshold": 0.05,
                                    "type": "minecraft:noise_threshold"
                                  },
                                  "then_run": {
                                    "sequence": [
                                      {
                                        "if_true": {
                                          "offset": 0,
                                          "add_surface_depth": false,
                                          "secondary_depth_range": 0,
                                          "surface_type": "ceiling",
                                          "type": "minecraft:stone_depth"
                                        },
                                        "then_run": {
                                          "result_state": {
                                            "Name": "minecraft:stone"
                                          },
                                          "type": "minecraft:block"
                                        },
                                        "type": "minecraft:condition"
                                      },
                                      {
                                        "result_state": {
                                          "Name": "minecraft:gravel"
                                        },
                                        "type": "minecraft:block"
                                      }
                                    ],
                                    "type": "minecraft:sequence"
                                  },
                                  "type": "minecraft:condition"
                                },
                                {
                                  "result_state": {
                                    "Name": "minecraft:stone"
                                  },
                                  "type": "minecraft:block"
                                }
                              ],
                              "type": "minecraft:sequence"
                            },
                            "type": "minecraft:condition"
                          },
                          {
                            "if_true": {
                              "biome_is": [
                                "minecraft:windswept_hills"
                              ],
                              "type": "minecraft:biome"
                            },
                            "then_run": {
                              "if_true": {
                                "noise": "minecraft:surface",
                                "min_threshold": 0.12121212121212122,
                                "max_threshold": 1.7976931348623157E308,
                                "type": "minecraft:noise_threshold"
                              },
                              "then_run": {
                                "result_state": {
                                  "Name": "minecraft:stone"
                                },
                                "type": "minecraft:block"
                              },
                              "type": "minecraft:condition"
                            },
                            "type": "minecraft:condition"
                          },
                          {
                            "if_true": {
                              "biome_is": [
                                "minecraft:warm_ocean",
                                "minecraft:beach",
                                "minecraft:snowy_beach"
                              ],
                              "type": "minecraft:biome"
                            },
                            "then_run": {
                              "sequence": [
                                {
                                  "if_true": {
                                    "offset": 0,
                                    "add_surface_depth": false,
                                    "secondary_depth_range": 0,
                                    "surface_type": "ceiling",
                                    "type": "minecraft:stone_depth"
                                  },
                                  "then_run": {
                                    "result_state": {
                                      "Name": "minecraft:sandstone"
                                    },
                                    "type": "minecraft:block"
                                  },
                                  "type": "minecraft:condition"
                                },
                                {
                                  "result_state": {
                                    "Name": "minecraft:sand"
                                  },
                                  "type": "minecraft:block"
                                }
                              ],
                              "type": "minecraft:sequence"
                            },
                            "type": "minecraft:condition"
                          },
                          {
                            "if_true": {
                              "biome_is": [
                                "minecraft:desert"
                              ],
                              "type": "minecraft:biome"
                            },
                            "then_run": {
                              "sequence": [
                                {
                                  "if_true": {
                                    "offset": 0,
                                    "add_surface_depth": false,
                                    "secondary_depth_range": 0,
                                    "surface_type": "ceiling",
                                    "type": "minecraft:stone_depth"
                                  },
                                  "then_run": {
                                    "result_state": {
                                      "Name": "minecraft:sandstone"
                                    },
                                    "type": "minecraft:block"
                                  },
                                  "type": "minecraft:condition"
                                },
                                {
                                  "result_state": {
                                    "Name": "minecraft:sand"
                                  },
                                  "type": "minecraft:block"
                                }
                              ],
                              "type": "minecraft:sequence"
                            },
                            "type": "minecraft:condition"
                          },
                          {
                            "if_true": {
                              "biome_is": [
                                "minecraft:dripstone_caves"
                              ],
                              "type": "minecraft:biome"
                            },
                            "then_run": {
                              "result_state": {
                                "Name": "minecraft:stone"
                              },
                              "type": "minecraft:block"
                            },
                            "type": "minecraft:condition"
                          }
                        ],
                        "type": "minecraft:sequence"
                      },
                      {
                        "if_true": {
                          "biome_is": [
                            "minecraft:windswept_savanna"
                          ],
                          "type": "minecraft:biome"
                        },
                        "then_run": {
                          "sequence": [
                            {
                              "if_true": {
                                "noise": "minecraft:surface",
                                "min_threshold": 0.21212121212121213,
                                "max_threshold": 1.7976931348623157E308,
                                "type": "minecraft:noise_threshold"
                              },
                              "then_run": {
                                "result_state": {
                                  "Name": "minecraft:stone"
                                },
                                "type": "minecraft:block"
                              },
                              "type": "minecraft:condition"
                            },
                            {
                              "if_true": {
                                "noise": "minecraft:surface",
                                "min_threshold": -0.06060606060606061,
                                "max_threshold": 1.7976931348623157E308,
                                "type": "minecraft:noise_threshold"
                              },
                              "then_run": {
                                "result_state": {
                                  "Name": "minecraft:coarse_dirt"
                                },
                                "type": "minecraft:block"
                              },
                              "type": "minecraft:condition"
                            }
                          ],
                          "type": "minecraft:sequence"
                        },
                        "type": "minecraft:condition"
                      },
                      {
                        "if_true": {
                          "biome_is": [
                            "minecraft:windswept_gravelly_hills"
                          ],
                          "type": "minecraft:biome"
                        },
                        "then_run": {
                          "sequence": [
                            {
                              "if_true": {
                                "noise": "minecraft:surface",
                                "min_threshold": 0.24242424242424243,
                                "max_threshold": 1.7976931348623157E308,
                                "type": "minecraft:noise_threshold"
                              },
                              "then_run": {
                                "sequence": [
                                  {
                                    "if_true": {
                                      "offset": 0,
                                      "add_surface_depth": false,
                                      "secondary_depth_range": 0,
                                      "surface_type": "ceiling",
                                      "type": "minecraft:stone_depth"
                                    },
                                    "then_run": {
                                      "result_state": {
                                        "Name": "minecraft:stone"
                                      },
                                      "type": "minecraft:block"
                                    },
                                    "type": "minecraft:condition"
                                  },
                                  {
                                    "result_state": {
                                      "Name": "minecraft:gravel"
                                    },
                                    "type": "minecraft:block"
                                  }
                                ],
                                "type": "minecraft:sequence"
                              },
                              "type": "minecraft:condition"
                            },
                            {
                              "if_true": {
                                "noise": "minecraft:surface",
                                "min_threshold": 0.12121212121212122,
                                "max_threshold": 1.7976931348623157E308,
                                "type": "minecraft:noise_threshold"
                              },
                              "then_run": {
                                "result_state": {
                                  "Name": "minecraft:stone"
                                },
                                "type": "minecraft:block"
                              },
                              "type": "minecraft:condition"
                            },
                            {
                              "if_true": {
                                "noise": "minecraft:surface",
                                "min_threshold": -0.12121212121212122,
                                "max_threshold": 1.7976931348623157E308,
                                "type": "minecraft:noise_threshold"
                              },
                              "then_run": {
                                "sequence": [
                                  {
                                    "if_true": {
                                      "offset": 0,
                                      "surface_depth_multiplier": 0,
                                      "add_stone_depth": false,
                                      "type": "minecraft:water"
                                    },
                                    "then_run": {
                                      "result_state": {
                                        "Properties": {
                                          "snowy": "false"
                                        },
                                        "Name": "minecraft:grass_block"
                                      },
                                      "type": "minecraft:block"
                                    },
                                    "type": "minecraft:condition"
                                  },
                                  {
                                    "result_state": {
                                      "Name": "minecraft:dirt"
                                    },
                                    "type": "minecraft:block"
                                  }
                                ],
                                "type": "minecraft:sequence"
                              },
                              "type": "minecraft:condition"
                            },
                            {
                              "sequence": [
                                {
                                  "if_true": {
                                    "offset": 0,
                                    "add_surface_depth": false,
                                    "secondary_depth_range": 0,
                                    "surface_type": "ceiling",
                                    "type": "minecraft:stone_depth"
                                  },
                                  "then_run": {
                                    "result_state": {
                                      "Name": "minecraft:stone"
                                    },
                                    "type": "minecraft:block"
                                  },
                                  "type": "minecraft:condition"
                                },
                                {
                                  "result_state": {
                                    "Name": "minecraft:gravel"
                                  },
                                  "type": "minecraft:block"
                                }
                              ],
                              "type": "minecraft:sequence"
                            }
                          ],
                          "type": "minecraft:sequence"
                        },
                        "type": "minecraft:condition"
                      },
                      {
                        "if_true": {
                          "biome_is": [
                            "minecraft:old_growth_pine_taiga",
                            "minecraft:old_growth_spruce_taiga"
                          ],
                          "type": "minecraft:biome"
                        },
                        "then_run": {
                          "sequence": [
                            {
                              "if_true": {
                                "noise": "minecraft:surface",
                                "min_threshold": 0.21212121212121213,
                                "max_threshold": 1.7976931348623157E308,
                                "type": "minecraft:noise_threshold"
                              },
                              "then_run": {
                                "result_state": {
                                  "Name": "minecraft:coarse_dirt"
                                },
                                "type": "minecraft:block"
                              },
                              "type": "minecraft:condition"
                            },
                            {
                              "if_true": {
                                "noise": "minecraft:surface",
                                "min_threshold": -0.11515151515151514,
                                "max_threshold": 1.7976931348623157E308,
                                "type": "minecraft:noise_threshold"
                              },
                              "then_run": {
                                "result_state": {
                                  "Properties": {
                                    "snowy": "false"
                                  },
                                  "Name": "minecraft:podzol"
                                },
                                "type": "minecraft:block"
                              },
                              "type": "minecraft:condition"
                            }
                          ],
                          "type": "minecraft:sequence"
                        },
                        "type": "minecraft:condition"
                      },
                      {
                        "if_true": {
                          "biome_is": [
                            "minecraft:ice_spikes"
                          ],
                          "type": "minecraft:biome"
                        },
                        "then_run": {
                          "if_true": {
                            "offset": 0,
                            "surface_depth_multiplier": 0,
                            "add_stone_depth": false,
                            "type": "minecraft:water"
                          },
                          "then_run": {
                            "result_state": {
                              "Name": "minecraft:snow_block"
                            },
                            "type": "minecraft:block"
                          },
                          "type": "minecraft:condition"
                        },
                        "type": "minecraft:condition"
                      },
                      {
                        "if_true": {
                          "biome_is": [
                            "minecraft:mangrove_swamp"
                          ],
                          "type": "minecraft:biome"
                        },
                        "then_run": {
                          "result_state": {
                            "Name": "minecraft:mud"
                          },
                          "type": "minecraft:block"
                        },
                        "type": "minecraft:condition"
                      },
                      {
                        "if_true": {
                          "biome_is": [
                            "minecraft:mushroom_fields"
                          ],
                          "type": "minecraft:biome"
                        },
                        "then_run": {
                          "result_state": {
                            "Properties": {
                              "snowy": "false"
                            },
                            "Name": "minecraft:mycelium"
                          },
                          "type": "minecraft:block"
                        },
                        "type": "minecraft:condition"
                      },
                      {
                        "sequence": [
                          {
                            "if_true": {
                              "offset": 0,
                              "surface_depth_multiplier": 0,
                              "add_stone_depth": false,
                              "type": "minecraft:water"
                            },
                            "then_run": {
                              "result_state": {
                                "Properties": {
                                  "snowy": "false"
                                },
                                "Name": "minecraft:grass_block"
                              },
                              "type": "minecraft:block"
                            },
                            "type": "minecraft:condition"
                          },
                          {
                            "result_state": {
                              "Name": "minecraft:dirt"
                            },
                            "type": "minecraft:block"
                          }
                        ],
                        "type": "minecraft:sequence"
                      }
                    ],
                    "type": "minecraft:sequence"
                  }
                ],
                "type": "minecraft:sequence"
              },
              "type": "minecraft:condition"
            },
            "type": "minecraft:condition"
          },
          {
            "if_true": {
              "offset": -6,
              "surface_depth_multiplier": -1,
              "add_stone_depth": true,
              "type": "minecraft:water"
            },
            "then_run": {
              "sequence": [
                {
                  "if_true": {
                    "offset": 0,
                    "add_surface_depth": false,
                    "secondary_depth_range": 0,
                    "surface_type": "floor",
                    "type": "minecraft:stone_depth"
                  },
                  "then_run": {
                    "if_true": {
                      "biome_is": [
                        "minecraft:frozen_ocean",
                        "minecraft:deep_frozen_ocean"
                      ],
                      "type": "minecraft:biome"
                    },
                    "then_run": {
                      "if_true": {
                        "type": "minecraft:hole"
                      },
                      "then_run": {
                        "result_state": {
                          "Properties": {
                            "level": "0"
                          },
                          "Name": "minecraft:water"
                        },
                        "type": "minecraft:block"
                      },
                      "type": "minecraft:condition"
                    },
                    "type": "minecraft:condition"
                  },
                  "type": "minecraft:condition"
                },
                {
                  "if_true": {
                    "offset": 0,
                    "add_surface_depth": true,
                    "secondary_depth_range": 0,
                    "surface_type": "floor",
                    "type": "minecraft:stone_depth"
                  },
                  "then_run": {
                    "sequence": [
                      {
                        "if_true": {
                          "biome_is": [
                            "minecraft:frozen_peaks"
                          ],
                          "type": "minecraft:biome"
                        },
                        "then_run": {
                          "sequence": [
                            {
                              "if_true": {
                                "type": "minecraft:steep"
                              },
                              "then_run": {
                                "result_state": {
                                  "Name": "minecraft:packed_ice"
                                },
                                "type": "minecraft:block"
                              },
                              "type": "minecraft:condition"
                            },
                            {
                              "if_true": {
                                "noise": "minecraft:packed_ice",
                                "min_threshold": -0.5,
                                "max_threshold": 0.2,
                                "type": "minecraft:noise_threshold"
                              },
                              "then_run": {
                                "result_state": {
                                  "Name": "minecraft:packed_ice"
                                },
                                "type": "minecraft:block"
                              },
                              "type": "minecraft:condition"
                            },
                            {
                              "if_true": {
                                "noise": "minecraft:ice",
                                "min_threshold": -0.0625,
                                "max_threshold": 0.025,
                                "type": "minecraft:noise_threshold"
                              },
                              "then_run": {
                                "result_state": {
                                  "Name": "minecraft:ice"
                                },
                                "type": "minecraft:block"
                              },
                              "type": "minecraft:condition"
                            },
                            {
                              "if_true": {
                                "offset": 0,
                                "surface_depth_multiplier": 0,
                                "add_stone_depth": false,
                                "type": "minecraft:water"
                              },
                              "then_run": {
                                "result_state": {
                                  "Name": "minecraft:snow_block"
                                },
                                "type": "minecraft:block"
                              },
                              "type": "minecraft:condition"
                            }
                          ],
                          "type": "minecraft:sequence"
                        },
                        "type": "minecraft:condition"
                      },
                      {
                        "if_true": {
                          "biome_is": [
                            "minecraft:snowy_slopes"
                          ],
                          "type": "minecraft:biome"
                        },
                        "then_run": {
                          "sequence": [
                            {
                              "if_true": {
                                "type": "minecraft:steep"
                              },
                              "then_run": {
                                "result_state": {
                                  "Name": "minecraft:stone"
                                },
                                "type": "minecraft:block"
                              },
                              "type": "minecraft:condition"
                            },
                            {
                              "if_true": {
                                "noise": "minecraft:powder_snow",
                                "min_threshold": 0.45,
                                "max_threshold": 0.58,
                                "type": "minecraft:noise_threshold"
                              },
                              "then_run": {
                                "if_true": {
                                  "offset": 0,
                                  "surface_depth_multiplier": 0,
                                  "add_stone_depth": false,
                                  "type": "minecraft:water"
                                },
                                "then_run": {
                                  "result_state": {
                                    "Name": "minecraft:powder_snow"
                                  },
                                  "type": "minecraft:block"
                                },
                                "type": "minecraft:condition"
                              },
                              "type": "minecraft:condition"
                            },
                            {
                              "if_true": {
                                "offset": 0,
                                "surface_depth_multiplier": 0,
                                "add_stone_depth": false,
                                "type": "minecraft:water"
                              },
                              "then_run": {
                                "result_state": {
                                  "Name": "minecraft:snow_block"
                                },
                                "type": "minecraft:block"
                              },
                              "type": "minecraft:condition"
                            }
                          ],
                          "type": "minecraft:sequence"
                        },
                        "type": "minecraft:condition"
                      },
                      {
                        "if_true": {
                          "biome_is": [
                            "minecraft:jagged_peaks"
                          ],
                          "type": "minecraft:biome"
                        },
                        "then_run": {
                          "result_state": {
                            "Name": "minecraft:stone"
                          },
                          "type": "minecraft:block"
                        },
                        "type": "minecraft:condition"
                      },
                      {
                        "if_true": {
                          "biome_is": [
                            "minecraft:grove"
                          ],
                          "type": "minecraft:biome"
                        },
                        "then_run": {
                          "sequence": [
                            {
                              "if_true": {
                                "noise": "minecraft:powder_snow",
                                "min_threshold": 0.45,
                                "max_threshold": 0.58,
                                "type": "minecraft:noise_threshold"
                              },
                              "then_run": {
                                "if_true": {
                                  "offset": 0,
                                  "surface_depth_multiplier": 0,
                                  "add_stone_depth": false,
                                  "type": "minecraft:water"
                                },
                                "then_run": {
                                  "result_state": {
                                    "Name": "minecraft:powder_snow"
                                  },
                                  "type": "minecraft:block"
                                },
                                "type": "minecraft:condition"
                              },
                              "type": "minecraft:condition"
                            },
                            {
                              "result_state": {
                                "Name": "minecraft:dirt"
                              },
                              "type": "minecraft:block"
                            }
                          ],
                          "type": "minecraft:sequence"
                        },
                        "type": "minecraft:condition"
                      },
                      {
                        "sequence": [
                          {
                            "if_true": {
                              "biome_is": [
                                "minecraft:stony_peaks"
                              ],
                              "type": "minecraft:biome"
                            },
                            "then_run": {
                              "sequence": [
                                {
                                  "if_true": {
                                    "noise": "minecraft:calcite",
                                    "min_threshold": -0.0125,
                                    "max_threshold": 0.0125,
                                    "type": "minecraft:noise_threshold"
                                  },
                                  "then_run": {
                                    "result_state": {
                                      "Name": "minecraft:calcite"
                                    },
                                    "type": "minecraft:block"
                                  },
                                  "type": "minecraft:condition"
                                },
                                {
                                  "result_state": {
                                    "Name": "minecraft:stone"
                                  },
                                  "type": "minecraft:block"
                                }
                              ],
                              "type": "minecraft:sequence"
                            },
                            "type": "minecraft:condition"
                          },
                          {
                            "if_true": {
                              "biome_is": [
                                "minecraft:stony_shore"
                              ],
                              "type": "minecraft:biome"
                            },
                            "then_run": {
                              "sequence": [
                                {
                                  "if_true": {
                                    "noise": "minecraft:gravel",
                                    "min_threshold": -0.05,
                                    "max_threshold": 0.05,
                                    "type": "minecraft:noise_threshold"
                                  },
                                  "then_run": {
                                    "sequence": [
                                      {
                                        "if_true": {
                                          "offset": 0,
                                          "add_surface_depth": false,
                                          "secondary_depth_range": 0,
                                          "surface_type": "ceiling",
                                          "type": "minecraft:stone_depth"
                                        },
                                        "then_run": {
                                          "result_state": {
                                            "Name": "minecraft:stone"
                                          },
                                          "type": "minecraft:block"
                                        },
                                        "type": "minecraft:condition"
                                      },
                                      {
                                        "result_state": {
                                          "Name": "minecraft:gravel"
                                        },
                                        "type": "minecraft:block"
                                      }
                                    ],
                                    "type": "minecraft:sequence"
                                  },
                                  "type": "minecraft:condition"
                                },
                                {
                                  "result_state": {
                                    "Name": "minecraft:stone"
                                  },
                                  "type": "minecraft:block"
                                }
                              ],
                              "type": "minecraft:sequence"
                            },
                            "type": "minecraft:condition"
                          },
                          {
                            "if_true": {
                              "biome_is": [
                                "minecraft:windswept_hills"
                              ],
                              "type": "minecraft:biome"
                            },
                            "then_run": {
                              "if_true": {
                                "noise": "minecraft:surface",
                                "min_threshold": 0.12121212121212122,
                                "max_threshold": 1.7976931348623157E308,
                                "type": "minecraft:noise_threshold"
                              },
                              "then_run": {
                                "result_state": {
                                  "Name": "minecraft:stone"
                                },
                                "type": "minecraft:block"
                              },
                              "type": "minecraft:condition"
                            },
                            "type": "minecraft:condition"
                          },
                          {
                            "if_true": {
                              "biome_is": [
                                "minecraft:warm_ocean",
                                "minecraft:beach",
                                "minecraft:snowy_beach"
                              ],
                              "type": "minecraft:biome"
                            },
                            "then_run": {
                              "sequence": [
                                {
                                  "if_true": {
                                    "offset": 0,
                                    "add_surface_depth": false,
                                    "secondary_depth_range": 0,
                                    "surface_type": "ceiling",
                                    "type": "minecraft:stone_depth"
                                  },
                                  "then_run": {
                                    "result_state": {
                                      "Name": "minecraft:sandstone"
                                    },
                                    "type": "minecraft:block"
                                  },
                                  "type": "minecraft:condition"
                                },
                                {
                                  "result_state": {
                                    "Name": "minecraft:sand"
                                  },
                                  "type": "minecraft:block"
                                }
                              ],
                              "type": "minecraft:sequence"
                            },
                            "type": "minecraft:condition"
                          },
                          {
                            "if_true": {
                              "biome_is": [
                                "minecraft:desert"
                              ],
                              "type": "minecraft:biome"
                            },
                            "then_run": {
                              "sequence": [
                                {
                                  "if_true": {
                                    "offset": 0,
                                    "add_surface_depth": false,
                                    "secondary_depth_range": 0,
                                    "surface_type": "ceiling",
                                    "type": "minecraft:stone_depth"
                                  },
                                  "then_run": {
                                    "result_state": {
                                      "Name": "minecraft:sandstone"
                                    },
                                    "type": "minecraft:block"
                                  },
                                  "type": "minecraft:condition"
                                },
                                {
                                  "result_state": {
                                    "Name": "minecraft:sand"
                                  },
                                  "type": "minecraft:block"
                                }
                              ],
                              "type": "minecraft:sequence"
                            },
                            "type": "minecraft:condition"
                          },
                          {
                            "if_true": {
                              "biome_is": [
                                "minecraft:dripstone_caves"
                              ],
                              "type": "minecraft:biome"
                            },
                            "then_run": {
                              "result_state": {
                                "Name": "minecraft:stone"
                              },
                              "type": "minecraft:block"
                            },
                            "type": "minecraft:condition"
                          }
                        ],
                        "type": "minecraft:sequence"
                      },
                      {
                        "if_true": {
                          "biome_is": [
                            "minecraft:windswept_savanna"
                          ],
                          "type": "minecraft:biome"
                        },
                        "then_run": {
                          "if_true": {
                            "noise": "minecraft:surface",
                            "min_threshold": 0.21212121212121213,
                            "max_threshold": 1.7976931348623157E308,
                            "type": "minecraft:noise_threshold"
                          },
                          "then_run": {
                            "result_state": {
                              "Name": "minecraft:stone"
                            },
                            "type": "minecraft:block"
                          },
                          "type": "minecraft:condition"
                        },
                        "type": "minecraft:condition"
                      },
                      {
                        "if_true": {
                          "biome_is": [
                            "minecraft:windswept_gravelly_hills"
                          ],
                          "type": "minecraft:biome"
                        },
                        "then_run": {
                          "sequence": [
                            {
                              "if_true": {
                                "noise": "minecraft:surface",
                                "min_threshold": 0.24242424242424243,
                                "max_threshold": 1.7976931348623157E308,
                                "type": "minecraft:noise_threshold"
                              },
                              "then_run": {
                                "sequence": [
                                  {
                                    "if_true": {
                                      "offset": 0,
                                      "add_surface_depth": false,
                                      "secondary_depth_range": 0,
                                      "surface_type": "ceiling",
                                      "type": "minecraft:stone_depth"
                                    },
                                    "then_run": {
                                      "result_state": {
                                        "Name": "minecraft:stone"
                                      },
                                      "type": "minecraft:block"
                                    },
                                    "type": "minecraft:condition"
                                  },
                                  {
                                    "result_state": {
                                      "Name": "minecraft:gravel"
                                    },
                                    "type": "minecraft:block"
                                  }
                                ],
                                "type": "minecraft:sequence"
                              },
                              "type": "minecraft:condition"
                            },
                            {
                              "if_true": {
                                "noise": "minecraft:surface",
                                "min_threshold": 0.12121212121212122,
                                "max_threshold": 1.7976931348623157E308,
                                "type": "minecraft:noise_threshold"
                              },
                              "then_run": {
                                "result_state": {
                                  "Name": "minecraft:stone"
                                },
                                "type": "minecraft:block"
                              },
                              "type": "minecraft:condition"
                            },
                            {
                              "if_true": {
                                "noise": "minecraft:surface",
                                "min_threshold": -0.12121212121212122,
                                "max_threshold": 1.7976931348623157E308,
                                "type": "minecraft:noise_threshold"
                              },
                              "then_run": {
                                "result_state": {
                                  "Name": "minecraft:dirt"
                                },
                                "type": "minecraft:block"
                              },
                              "type": "minecraft:condition"
                            },
                            {
                              "sequence": [
                                {
                                  "if_true": {
                                    "offset": 0,
                                    "add_surface_depth": false,
                                    "secondary_depth_range": 0,
                                    "surface_type": "ceiling",
                                    "type": "minecraft:stone_depth"
                                  },
                                  "then_run": {
                                    "result_state": {
                                      "Name": "minecraft:stone"
                                    },
                                    "type": "minecraft:block"
                                  },
                                  "type": "minecraft:condition"
                                },
                                {
                                  "result_state": {
                                    "Name": "minecraft:gravel"
                                  },
                                  "type": "minecraft:block"
                                }
                              ],
                              "type": "minecraft:sequence"
                            }
                          ],
                          "type": "minecraft:sequence"
                        },
                        "type": "minecraft:condition"
                      },
                      {
                        "if_true": {
                          "biome_is": [
                            "minecraft:mangrove_swamp"
                          ],
                          "type": "minecraft:biome"
                        },
                        "then_run": {
                          "result_state": {
                            "Name": "minecraft:mud"
                          },
                          "type": "minecraft:block"
                        },
                        "type": "minecraft:condition"
                      },
                      {
                        "result_state": {
                          "Name": "minecraft:dirt"
                        },
                        "type": "minecraft:block"
                      }
                    ],
                    "type": "minecraft:sequence"
                  },
                  "type": "minecraft:condition"
                },
                {
                  "if_true": {
                    "biome_is": [
                      "minecraft:warm_ocean",
                      "minecraft:beach",
                      "minecraft:snowy_beach"
                    ],
                    "type": "minecraft:biome"
                  },
                  "then_run": {
                    "if_true": {
                      "offset": 0,
                      "add_surface_depth": true,
                      "secondary_depth_range": 6,
                      "surface_type": "floor",
                      "type": "minecraft:stone_depth"
                    },
                    "then_run": {
                      "result_state": {
                        "Name": "minecraft:sandstone"
                      },
                      "type": "minecraft:block"
                    },
                    "type": "minecraft:condition"
                  },
                  "type": "minecraft:condition"
                },
                {
                  "if_true": {
                    "biome_is": [
                      "minecraft:desert"
                    ],
                    "type": "minecraft:biome"
                  },
                  "then_run": {
                    "if_true": {
                      "offset": 0,
                      "add_surface_depth": true,
                      "secondary_depth_range": 30,
                      "surface_type": "floor",
                      "type": "minecraft:stone_depth"
                    },
                    "then_run": {
                      "result_state": {
                        "Name": "minecraft:sandstone"
                      },
                      "type": "minecraft:block"
                    },
                    "type": "minecraft:condition"
                  },
                  "type": "minecraft:condition"
                }
              ],
              "type": "minecraft:sequence"
            },
            "type": "minecraft:condition"
          },
          {
            "if_true": {
              "offset": 0,
              "add_surface_depth": false,
              "secondary_depth_range": 0,
              "surface_type": "floor",
              "type": "minecraft:stone_depth"
            },
            "then_run": {
              "sequence": [
                {
                  "if_true": {
                    "biome_is": [
                      "minecraft:frozen_peaks",
                      "minecraft:jagged_peaks"
                    ],
                    "type": "minecraft:biome"
                  },
                  "then_run": {
                    "result_state": {
                      "Name": "minecraft:stone"
                    },
                    "type": "minecraft:block"
                  },
                  "type": "minecraft:condition"
                },
                {
                  "if_true": {
                    "biome_is": [
                      "minecraft:warm_ocean",
                      "minecraft:lukewarm_ocean",
                      "minecraft:deep_lukewarm_ocean"
                    ],
                    "type": "minecraft:biome"
                  },
                  "then_run": {
                    "sequence": [
                      {
                        "if_true": {
                          "offset": 0,
                          "add_surface_depth": false,
                          "secondary_depth_range": 0,
                          "surface_type": "ceiling",
                          "type": "minecraft:stone_depth"
                        },
                        "then_run": {
                          "result_state": {
                            "Name": "minecraft:sandstone"
                          },
                          "type": "minecraft:block"
                        },
                        "type": "minecraft:condition"
                      },
                      {
                        "result_state": {
                          "Name": "minecraft:sand"
                        },
                        "type": "minecraft:block"
                      }
                    ],
                    "type": "minecraft:sequence"
                  },
                  "type": "minecraft:condition"
                },
                {
                  "sequence": [
                    {
                      "if_true": {
                        "offset": 0,
                        "add_surface_depth": false,
                        "secondary_depth_range": 0,
                        "surface_type": "ceiling",
                        "type": "minecraft:stone_depth"
                      },
                      "then_run": {
                        "result_state": {
                          "Name": "minecraft:stone"
                        },
                        "type": "minecraft:block"
                      },
                      "type": "minecraft:condition"
                    },
                    {
                      "result_state": {
                        "Name": "minecraft:gravel"
                      },
                      "type": "minecraft:block"
                    }
                  ],
                  "type": "minecraft:sequence"
                }
              ],
              "type": "minecraft:sequence"
            },
            "type": "minecraft:condition"
          }
        ],
        "type": "minecraft:sequence"
      },
      {
        "if_true": {
          "random_name": "minecraft:deepslate",
          "true_at_and_below": {
            "absolute": 0
          },
          "false_at_and_above": {
            "absolute": 8
          },
          "type": "minecraft:vertical_gradient"
        },
        "then_run": {
          "result_state": {
            "Properties": {
              "axis": "y"
            },
            "Name": "minecraft:deepslate"
          },
          "type": "minecraft:block"
        },
        "type": "minecraft:condition"
      }
    ],
    "type": "minecraft:sequence"
  },
  "noise": {
    "min_y": 0,
    "height": 256,
    "size_horizontal": 2,
    "size_vertical": 1
  },
  "default_block": {
    "Name": "minecraft:stone"
  }
}