{
  "ore_veins_enabled": false,
  "noodle_caves_enabled": false,
  "legacy_random_source": true,
  "disable_mob_generation": false,
  "aquifers_enabled": false,
  "noise_caves_enabled": false,
  "default_fluid": {
    "Properties": {
      "level": "0"
    },
    "Name": "minecraft:water"
  },
  "surface_rule": {
    "sequence": [
      {
        "sequence": [
          {
            "if_true": {
              "offset": 0,
              "add_surface_depth": false,
              "secondary_depth_range": 0,
              "surface_type": "floor",
              "type": "minecraft:stone_depth"
            },
            "then_run": {
              "sequence": [
                {
                  "if_true": {
                    "biome_is": [
                      "minecraft:wooded_badlands"
                    ],
                    "type": "minecraft:biome"
                  },
                  "then_run": {
                    "if_true": {
                      "anchor": {
                        "absolute": 97
                      },
                      "surface_depth_multiplier": 2,
                      "add_stone_depth": false,
                      "type": "minecraft:y_above"
                    },
                    "then_run": {
                      "sequence": [
                        {
                          "if_true": {
                            "noise": "minecraft:surface",
                            "min_threshold": -0.909,
                            "max_threshold": -0.5454,
                            "type": "minecraft:noise_threshold"
                          },
                          "then_run": {
                            "result_state": {
                              "Name": "minecraft:coarse_dirt"
                            },
                            "type": "minecraft:block"
                          },
                          "type": "minecraft:condition"
                        },
                        {
                          "if_true": {
                            "noise": "minecraft:surface",
                            "min_threshold": -0.1818,
                            "max_threshold": 0.1818,
                            "type": "minecraft:noise_threshold"
                          },
                          "then_run": {
                            "result_state": {
                              "Name": "minecraft:coarse_dirt"
                            },
                            "type": "minecraft:block"
                          },
                          "type": "minecraft:condition"
                        },
                        {
                          "if_true": {
                            "noise": "minecraft:surface",
                            "min_threshold": 0.5454,
                            "max_threshold": 0.909,
                            "type": "minecraft:noise_threshold"
                          },
                          "then_run": {
                            "result_state": {
                              "Name": "minecraft:coarse_dirt"
                            },
                            "type": "minecraft:block"
                          },
                          "type": "minecraft:condition"
                        },
                        {
                          "sequence": [
                            {
                              "if_true": {
                                "offset": 0,
                                "surface_depth_multiplier": 0,
                                "add_stone_depth": false,
                                "type": "minecraft:water"
                              },
                              "then_run": {
                                "result_state": {
                                  "Properties": {
                                    "snowy": "false"
                                  },
                                  "Name": "minecraft:grass_block"
                                },
                                "type": "minecraft:block"
                              },
                              "type": "minecraft:condition"
                            },
                            {
                              "result_state": {
                                "Name": "minecraft:dirt"
                              },
                              "type": "minecraft:block"
                            }
                          ],
                          "type": "minecraft:sequence"
                        }
                      ],
                      "type": "minecraft:sequence"
                    },
                    "type": "minecraft:condition"
                  },
                  "type": "minecraft:condition"
                },
                {
                  "if_true": {
                    "biome_is": [
                      "minecraft:swamp"
                    ],
                    "type": "minecraft:biome"
                  },
                  "then_run": {
                    "if_true": {
                      "anchor": {
                        "absolute": 62
                      },
                      "surface_depth_multiplier": 0,
                      "add_stone_depth": false,
                      "type": "minecraft:y_above"
                    },
                    "then_run": {
                      "if_true": {
                        "invert": {
                          "anchor": {
                            "absolute": 63
                          },
                          "surface_depth_multiplier": 0,
                          "add_stone_depth": false,
                          "type": "minecraft:y_above"
                        },
                        "type": "minecraft:not"
                      },
                      "then_run": {
                        "if_true": {
                          "noise": "minecraft:surface_swamp",
                          "min_threshold": 0.0,
                          "max_threshold": 1.7976931348623157E308,
                          "type": "minecraft:noise_threshold"
                        },
                        "then_run": {
                          "result_state": {
                            "Properties": {
                              "level": "0"
                            },
                            "Name": "minecraft:water"
                          },
                          "type": "minecraft:block"
                        },
                        "type": "minecraft:condition"
                      },
                      "type": "minecraft:condition"
                    },
                    "type": "minecraft:condition"
                  },
                  "type": "minecraft:condition"
                }
              ],
              "type": "minecraft:sequence"
            },
            "type": "minecraft:condition"
          },
          {
            "if_true": {
              "biome_is": [
                "minecraft:badlands",
                "minecraft:eroded_badlands",
                "minecraft:wooded_badlands"
              ],
              "type": "minecraft:biome"
            },
            "then_run": {
              "sequence": [
                {
                  "if_true": {
                    "offset": 0,
                    "add_surface_depth": false,
                    "secondary_depth_range": 0,
                    "surface_type": "floor",
                    "type": "minecraft:stone_depth"
                  },
                  "then_run": {
                    "sequence": [
                      {
                        "if_true": {
                          "anchor": {
                            "absolute": 256
                          },
                          "surface_depth_multiplier": 0,
                          "add_stone_depth": false,
                          "type": "minecraft:y_above"
                        },
                        "then_run": {
                          "result_state": {
                            "Name": "minecraft:orange_terracotta"
                          },
                          "type": "minecraft:block"
                        },
                        "type": "minecraft:condition"
                      },
                      {
                        "if_true": {
                          "anchor": {
                            "absolute": 74
                          },
                          "surface_depth_multiplier": 1,
                          "add_stone_depth": true,
                          "type": "minecraft:y_above"
                        },
                        "then_run": {
                          "sequence": [
                            {
                              "if_true": {
                                "noise": "minecraft:surface",
                                "min_threshold": -0.909,
                                "max_threshold": -0.5454,
                                "type": "minecraft:noise_threshold"
                              },
                              "then_run": {
                                "result_state": {
                                  "Name": "minecraft:terracotta"
                                },
                                "type": "minecraft:block"
                              },
                              "type": "minecraft:condition"
                            },
                            {
                              "if_true": {
                                "noise": "minecraft:surface",
                                "min_threshold": -0.1818,
                                "max_threshold": 0.1818,
                                "type": "minecraft:noise_threshold"
                              },
                              "then_run": {
                                "result_state": {
                                  "Name": "minecraft:terracotta"
                                },
                                "type": "minecraft:block"
                              },
                              "type": "minecraft:condition"
                            },
                            {
                              "if_true": {
                                "noise": "minecraft:surface",
                                "min_threshold": 0.5454,
                                "max_threshold": 0.909,
                                "type": "minecraft:noise_threshold"
                              },
                              "then_run": {
                                "result_state": {
                                  "Name": "minecraft:terracotta"
                                },
                                "type": "minecraft:block"
                              },
                              "type": "minecraft:condition"
                            },
                            {
                              "type": "minecraft:bandlands"
                            }
                          ],
                          "type": "minecraft:sequence"
                        },
                        "type": "minecraft:condition"
                      },
                      {
                        "if_true": {
                          "offset": -1,
                          "surface_depth_multiplier": 0,
                          "add_stone_depth": false,
                          "type": "minecraft:water"
                        },
                        "then_run": {
                          "sequence": [
                            {
                              "if_true": {
                                "offset": 0,
                                "add_surface_depth": false,
                                "secondary_depth_range": 0,
                                "surface_type": "ceiling",
                                "type": "minecraft:stone_depth"
                              },
                              "then_run": {
                                "result_state": {
                                  "Name": "minecraft:red_sandstone"
                                },
                                "type": "minecraft:block"
                              },
                              "type": "minecraft:condition"
                            },
                            {
                              "result_state": {
                                "Name": "minecraft:red_sand"
                              },
                              "type": "minecraft:block"
                            }
                          ],
                          "type": "minecraft:sequence"
                        },
                        "type": "minecraft:condition"
                      },
                      {
                        "if_true": {
                          "invert": {
                            "type": "minecraft:hole"
                          },
                          "type": "minecraft:not"
                        },
                        "then_run": {
                          "result_state": {
                            "Name": "minecraft:orange_terracotta"
                          },
                          "type": "minecraft:block"
                        },
                        "type": "minecraft:condition"
                      },
                      {
                        "if_true": {
                          "offset": -6,
                          "surface_depth_multiplier": -1,
                          "add_stone_depth": true,
                          "type": "minecraft:water"
                        },
                        "then_run": {
                          "result_state": {
                            "Name": "minecraft:white_terracotta"
                          },
                          "type": "minecraft:block"
                        },
                        "type": "minecraft:condition"
                      },
                      {
                        "sequence": [
                          {
                            "if_true": {
                              "offset": 0,
                              "add_surface_depth": false,
                              "secondary_depth_range": 0,
                              "surface_type": "ceiling",
                              "type": "minecraft:stone_depth"
                            },
                            "then_run": {
                              "result_state": {
                                "Name": "minecraft:stone"
                              },
                              "type": "minecraft:block"
                            },
                            "type": "minecraft:condition"
                          },
                          {
                            "result_state": {
                              "Name": "minecraft:gravel"
                            },
                            "type": "minecraft:block"
                          }
                        ],
                        "type": "minecraft:sequence"
                      }
                    ],
                    "type": "minecraft:sequence"
                  },
                  "type": "minecraft:condition"
                },
                {
                  "if_true": {
                    "anchor": {
                      "absolute": 63
                    },
                    "surface_depth_multiplier": -1,
                    "add_stone_depth": true,
                    "type": "minecraft:y_above"
                  },
                  "then_run": {
                    "sequence": [
                      {
                        "if_true": {
                          "anchor": {
                            "absolute": 63
                          },
                          "surface_depth_multiplier": 0,
                          "add_stone_depth": false,
                          "type": "minecraft:y_above"
                        },
                        "then_run": {
                          "if_true": {
                            "invert": {
                              "anchor": {
                                "absolute": 74
                              },
                              "surface_depth_multiplier": 1,
                              "add_stone_depth": true,
                              "type": "minecraft:y_above"
                            },
                            "type": "minecraft:not"
                          },
                          "then_run": {
                            "result_state": {
                              "Name": "minecraft:orange_terracotta"
                            },
                            "type": "minecraft:block"
                          },
                          "type": "minecraft:condition"
                        },
                        "type": "minecraft:condition"
                      },
                      {
                        "type": "minecraft:bandlands"
                      }
                    ],
                    "type": "minecraft:sequence"
                  },
                  "type": "minecraft:condition"
                },
                {
                  "if_true": {
                    "offset": 0,
                    "add_surface_depth": true,
                    "secondary_depth_range": 0,
                    "surface_type": "floor",
                    "type": "minecraft:stone_depth"
                  },
                  "then_run": {
                    "if_true": {
                      "offset": -6,
                      "surface_depth_multiplier": -1,
                      "add_stone_depth": true,
                      "type": "minecraft:water"
                    },
                    "then_run": {
                      "result_state": {
                        "Name": "minecraft:white_terracotta"
                      },
                      "type": "minecraft:block"
                    },
                    "type": "minecraft:condition"
                  },
                  "type": "minecraft:condition"
                }
              ],
              "type": "minecraft:sequence"
            },
            "type": "minecraft:condition"
          },
          {
            "if_true": {
              "offset": 0,
              "add_surface_depth": false,
              "secondary_depth_range": 0,
              "surface_type": "floor",
              "type": "minecraft:stone_depth"
            },
            "then_run": {
              "if_true": {
                "offset": -1,
                "surface_depth_multiplier": 0,
                "add_stone_depth": false,
                "type": "minecraft:water"
              },
              "then_run": {
                "sequence": [
                  {
                    "if_true": {
                      "biome_is": [
                        "minecraft:frozen_ocean",
                        "minecraft:deep_frozen_ocean"
                      ],
                      "type": "minecraft:biome"
                    },
                    "then_run": {
                      "if_true": {
                        "type": "minecraft:hole"
                      },
                      "then_run": {
                        "sequence": [
                          {
                            "if_true": {
                              "offset": 0,
                              "surface_depth_multiplier": 0,
                              "add_stone_depth": false,
                              "type": "minecraft:water"
                            },
                            "then_run": {
                              "result_state": {
                                "Name": "minecraft:air"
                              },
                              "type": "minecraft:block"
                            },
                            "type": "minecraft:condition"
                          },
                          {
                            "if_true": {
                              "type": "minecraft:temperature"
                            },
                            "then_run": {
                              "result_state": {
                                "Name": "minecraft:ice"
                              },
                              "type": "minecraft:block"
                            },
                            "type": "minecraft:condition"
                          },
                          {
                            "result_state": {
                              "Properties": {
                                "level": "0"
                              },
                              "Name": "minecraft:water"
                            },
                            "type": "minecraft:block"
                          }
                        ],
                        "type": "minecraft:sequence"
                      },
                      "type": "minecraft:condition"
                    },
                    "type": "minecraft:condition"
                  },
                  {
                    "sequence": [
                      {
                        "if_true": {
                          "biome_is": [
                            "minecraft:frozen_peaks"
                          ],
                          "type": "minecraft:biome"
                        },
                        "then_run": {
                          "sequence": [
                            {
                              "if_true": {
                                "type": "minecraft:steep"
                              },
                              "then_run": {
                                "result_state": {
                                  "Name": "minecraft:packed_ice"
                                },
                                "type": "minecraft:block"
                              },
                              "type": "minecraft:condition"
                            },
                            {
                              "if_true": {
                                "noise": "minecraft:packed_ice",
                                "min_threshold": 0.0,
                                "max_threshold": 0.2,
                                "type": "minecraft:noise_threshold"
                              },
                              "then_run": {
                                "result_state": {
                                  "Name": "minecraft:packed_ice"
                                },
                                "type": "minecraft:block"
                              },
                              "type": "minecraft:condition"
                            },
                            {
                              "if_true": {
                                "noise": "minecraft:ice",
                                "min_threshold": 0.0,
                                "max_threshold": 0.025,
                                "type": "minecraft:noise_threshold"
                              },
                              "then_run": {
                                "result_state": {
                                  "Name": "minecraft:ice"
                                },
                                "type": "minecraft:block"
                              },
                              "type": "minecraft:condition"
                            },
                            {
                              "if_true": {
                                "offset": 0,
                                "surface_depth_multiplier": 0,
                                "add_stone_depth": false,
                                "type": "minecraft:water"
                              },
                              "then_run": {
                                "result_state": {
                                  "Name": "minecraft:snow_block"
                                },
                                "type": "minecraft:block"
                              },
                              "type": "minecraft:condition"
                            }
                          ],
                          "type": "minecraft:sequence"
                        },
                        "type": "minecraft:condition"
                      },
                      {
                        "if_true": {
                          "biome_is": [
                            "minecraft:snowy_slopes"
                          ],
                          "type": "minecraft:biome"
                        },
                        "then_run": {
                          "sequence": [
                            {
                              "if_true": {
                                "type": "minecraft:steep"
                              },
                              "then_run": {
                                "result_state": {
                                  "Name": "minecraft:stone"
                                },
                                "type": "minecraft:block"
                              },
                              "type": "minecraft:condition"
                            },
                            {
                              "if_true": {
                                "noise": "minecraft:powder_snow",
                                "min_threshold": 0.35,
                                "max_threshold": 0.6,
                                "type": "minecraft:noise_threshold"
                              },
                              "then_run": {
                                "if_true": {
                                  "offset": 0,
                                  "surface_depth_multiplier": 0,
                                  "add_stone_depth": false,
                                  "type": "minecraft:water"
                                },
                                "then_run": {
                                  "result_state": {
                                    "Name": "minecraft:powder_snow"
                                  },
                                  "type": "minecraft:block"
                                },
                                "type": "minecraft:condition"
                              },
                              "type": "minecraft:condition"
                            },
                            {
                              "if_true": {
                                "offset": 0,
                                "surface_depth_multiplier": 0,
                                "add_stone_depth": false,
                                "type": "minecraft:water"
                              },
                              "then_run": {
                                "result_state": {
                                  "Name": "minecraft:snow_block"
                                },
                                "type": "minecraft:block"
                              },
                              "type": "minecraft:condition"
                            }
                          ],
                          "type": "minecraft:sequence"
                        },
                        "type": "minecraft:condition"
                      },
                      {
                        "if_true": {
                          "biome_is": [
                            "minecraft:jagged_peaks"
                          ],
                          "type": "minecraft:biome"
                        },
                        "then_run": {
                          "sequence": [
                            {
                              "if_true": {
                                "type": "minecraft:steep"
                              },
                              "then_run": {
                                "result_state": {
                                  "Name": "minecraft:stone"
                                },
                                "type": "minecraft:block"
                              },
                              "type": "minecraft:condition"
                            },
                            {
                              "if_true": {
                                "offset": 0,
                                "surface_depth_multiplier": 0,
                                "add_stone_depth": false,
                                "type": "minecraft:water"
                              },
                              "then_run": {
                                "result_state": {
                                  "Name": "minecraft:snow_block"
                                },
                                "type": "minecraft:block"
                              },
                              "type": "minecraft:condition"
                            }
                          ],
                          "type": "minecraft:sequence"
                        },
                        "type": "minecraft:condition"
                      },
                      {
                        "if_true": {
                          "biome_is": [
                            "minecraft:grove"
                          ],
                          "type": "minecraft:biome"
                        },
                        "then_run": {
                          "sequence": [
                            {
                              "if_true": {
                                "noise": "minecraft:powder_snow",
                                "min_threshold": 0.35,
                                "max_threshold": 0.6,
                                "type": "minecraft:noise_threshold"
                              },
                              "then_run": {
                                "if_true": {
                                  "offset": 0,
                                  "surface_depth_multiplier": 0,
                                  "add_stone_depth": false,
                                  "type": "minecraft:water"
                                },
                                "then_run": {
                                  "result_state": {
                                    "Name": "minecraft:powder_snow"
                                  },
                                  "type": "minecraft:block"
                                },
                                "type": "minecraft:condition"
                              },
                              "type": "minecraft:condition"
                            },
                            {
                              "if_true": {
                                "offset": 0,
                                "surface_depth_multiplier": 0,
                                "add_stone_depth": false,
                                "type": "minecraft:water"
                              },
                              "then_run": {
                                "result_state": {
                                  "Name": "minecraft:snow_block"
                                },
                                "type": "minecraft:block"
                              },
                              "type": "minecraft:condition"
                            }
                          ],
                          "type": "minecraft:sequence"
                        },
                        "type": "minecraft:condition"
                      },
                      {
                        "sequence": [
                          {
                            "if_true": {
                              "biome_is": [
                                "minecraft:stony_peaks"
                              ],
                              "type": "minecraft:biome"
                            },
                            "then_run": {
                              "sequence": [
                                {
                                  "if_true": {
                                    "noise": "minecraft:calcite",
                                    "min_threshold": -0.0125,
                                    "max_threshold": 0.0125,
                                    "type": "minecraft:noise_threshold"
                                  },
                                  "then_run": {
                                    "result_state": {
                                      "Name": "minecraft:calcite"
                                    },
                                    "type": "minecraft:block"
                                  },
                                  "type": "minecraft:condition"
                                },
                                {
                                  "result_state": {
                                    "Name": "minecraft:stone"
                                  },
                                  "type": "minecraft:block"
                                }
                              ],
                              "type": "minecraft:sequence"
                            },
                            "type": "minecraft:condition"
                          },
                          {
                            "if_true": {
                              "biome_is": [
                                "minecraft:stony_shore"
                              ],
                              "type": "minecraft:biome"
                            },
                            "then_run": {
                              "sequence": [
                                {
                                  "if_true": {
                                    "noise": "minecraft:gravel",
                                    "min_threshold": -0.05,
                                    "max_threshold": 0.05,
                                    "type": "minecraft:noise_threshold"
                                  },
                                  "then_run": {
                                    "sequence": [
                                      {
                                        "if_true": {
                                          "offset": 0,
                                          "add_surface_depth": false,
                                          "secondary_depth_range": 0,
                                          "surface_type": "ceiling",
                                          "type": "minecraft:stone_depth"
                                        },
                                        "then_run": {
                                          "result_state": {
                                            "Name": "minecraft:stone"
                                          },
                                          "type": "minecraft:block"
                                        },
                                        "type": "minecraft:condition"
                                      },
                                      {
                                        "result_state": {
                                          "Name": "minecraft:gravel"
                                        },
                                        "type": "minecraft:block"
                                      }
                                    ],
                                    "type": "minecraft:sequence"
                                  },
                                  "type": "minecraft:condition"
                                },
                                {
                                  "result_state": {
                                    "Name": "minecraft:stone"
                                  },
                                  "type": "minecraft:block"
                                }
                              ],
                              "type": "minecraft:sequence"
                            },
                            "type": "minecraft:condition"
                          },
                          {
                            "if_true": {
                              "biome_is": [
                                "minecraft:windswept_hills"
                              ],
                              "type": "minecraft:biome"
                            },
                            "then_run": {
                              "if_true": {
                                "noise": "minecraft:surface",
                                "min_threshold": 0.12121212121212122,
                                "max_threshold": 1.7976931348623157E308,
                                "type": "minecraft:noise_threshold"
                              },
                              "then_run": {
                                "result_state": {
                                  "Name": "minecraft:stone"
                                },
                                "type": "minecraft:block"
                              },
                              "type": "minecraft:condition"
                            },
                            "type": "minecraft:condition"
                          },
                          {
                            "if_true": {
                              "biome_is": [
                                "minecraft:warm_ocean",
                                "minecraft:beach",
                                "minecraft:snowy_beach"
                              ],
                              "type": "minecraft:biome"
                            },
                            "then_run": {
                              "sequence": [
                                {
                                  "if_true": {
                                    "offset": 0,
                                    "add_surface_depth": false,
                                    "secondary_depth_range": 0,
                                    "surface_type": "ceiling",
                                    "type": "minecraft:stone_depth"
                                  },
                                  "then_run": {
                                    "result_state": {
                                      "Name": "minecraft:sandstone"
                                    },
                                    "type": "minecraft:block"
                                  },
                                  "type": "minecraft:condition"
                                },
                                {
                                  "result_state": {
                                    "Name": "minecraft:sand"
                                  },
                                  "type": "minecraft:block"
                                }
                              ],
                              "type": "minecraft:sequence"
                            },
                            "type": "minecraft:condition"
                          },
                          {
                            "if_true": {
                              "biome_is": [
                                "minecraft:desert"
                              ],
                              "type": "minecraft:biome"
                            },
                            "then_run": {
                              "sequence": [
                                {
                                  "if_true": {
                                    "offset": 0,
                                    "add_surface_depth": false,
                                    "secondary_depth_range": 0,
                                    "surface_type": "ceiling",
                                    "type": "minecraft:stone_depth"
                                  },
                                  "then_run": {
                                    "result_state": {
                                      "Name": "minecraft:sandstone"
                                    },
                                    "type": "minecraft:block"
                                  },
                                  "type": "minecraft:condition"
                                },
                                {
                                  "result_state": {
                                    "Name": "minecraft:sand"
                                  },
                                  "type": "minecraft:block"
                                }
                              ],
                              "type": "minecraft:sequence"
                            },
                            "type": "minecraft:condition"
                          },
                          {
                            "if_true": {
                              "biome_is": [
                                "minecraft:dripstone_caves"
                              ],
                              "type": "minecraft:biome"
                            },
                            "then_run": {
                              "result_state": {
                                "Name": "minecraft:stone"
                              },
                              "type": "minecraft:block"
                            },
                            "type": "minecraft:condition"
                          }
                        ],
                        "type": "minecraft:sequence"
                      },
                      {
                        "if_true": {
                          "biome_is": [
                            "minecraft:windswept_savanna"
                          ],
                          "type": "minecraft:biome"
                        },
                        "then_run": {
                          "sequence": [
                            {
                              "if_true": {
                                "noise": "minecraft:surface",
                                "min_threshold": 0.21212121212121213,
                                "max_threshold": 1.7976931348623157E308,
                                "type": "minecraft:noise_threshold"
                              },
                              "then_run": {
                                "result_state": {
                                  "Name": "minecraft:stone"
                                },
                                "type": "minecraft:block"
                              },
                              "type": "minecraft:condition"
                            },
                            {
                              "if_true": {
                                "noise": "minecraft:surface",
                                "min_threshold": -0.06060606060606061,
                                "max_threshold": 1.7976931348623157E308,
                                "type": "minecraft:noise_threshold"
                              },
                              "then_run": {
                                "result_state": {
                                  "Name": "minecraft:coarse_dirt"
                                },
                                "type": "minecraft:block"
                              },
                              "type": "minecraft:condition"
                            }
                          ],
                          "type": "minecraft:sequence"
                        },
                        "type": "minecraft:condition"
                      },
                      {
                        "if_true": {
                          "biome_is": [
                            "minecraft:windswept_gravelly_hills"
                          ],
                          "type": "minecraft:biome"
                        },
                        "then_run": {
                          "sequence": [
                            {
                              "if_true": {
                                "noise": "minecraft:surface",
                                "min_threshold": 0.24242424242424243,
                                "max_threshold": 1.7976931348623157E308,
                                "type": "minecraft:noise_threshold"
                              },
                              "then_run": {
                                "sequence": [
                                  {
                                    "if_true": {
                                      "offset": 0,
                                      "add_surface_depth": false,
                                      "secondary_depth_range": 0,
                                      "surface_type": "ceiling",
                                      "type": "minecraft:stone_depth"
                                    },
                                    "then_run": {
                                      "result_state": {
                                        "Name": "minecraft:stone"
                                      },
                                      "type": "minecraft:block"
                                    },
                                    "type": "minecraft:condition"
                                  },
                                  {
                                    "result_state": {
                                      "Name": "minecraft:gravel"
                                    },
                                    "type": "minecraft:block"
                                  }
                                ],
                                "type": "minecraft:sequence"
                              },
                              "type": "minecraft:condition"
                            },
                            {
                              "if_true": {
                                "noise": "minecraft:surface",
                                "min_threshold": 0.12121212121212122,
                                "max_threshold": 1.7976931348623157E308,
                                "type": "minecraft:noise_threshold"
                              },
                              "then_run": {
                                "result_state": {
                                  "Name": "minecraft:stone"
                                },
                                "type": "minecraft:block"
                              },
                              "type": "minecraft:condition"
                            },
                            {
                              "if_true": {
                                "noise": "minecraft:surface",
                                "min_threshold": -0.12121212121212122,
                                "max_threshold": 1.7976931348623157E308,
                                "type": "minecraft:noise_threshold"
                              },
                              "then_run": {
                                "sequence": [
                                  {
                                    "if_true": {
                                      "offset": 0,
                                      "surface_depth_multiplier": 0,
                                      "add_stone_depth": false,
                                      "type": "minecraft:water"
                                    },
                                    "then_run": {
                                      "result_state": {
                                        "Properties": {
                                          "snowy": "false"
                                        },
                                        "Name": "minecraft:grass_block"
                                      },
                                      "type": "minecraft:block"
                                    },
                                    "type": "minecraft:condition"
                                  },
                                  {
                                    "result_state": {
                                      "Name": "minecraft:dirt"
                                    },
                                    "type": "minecraft:block"
                                  }
                                ],
                                "type": "minecraft:sequence"
                              },
                              "type": "minecraft:condition"
                            },
                            {
                              "sequence": [
                                {
                                  "if_true": {
                                    "offset": 0,
                                    "add_surface_depth": false,
                                    "secondary_depth_range": 0,
                                    "surface_type": "ceiling",
                                    "type": "minecraft:stone_depth"
                                  },
                                  "then_run": {
                                    "result_state": {
                                      "Name": "minecraft:stone"
                                    },
                                    "type": "minecraft:block"
                                  },
                                  "type": "minecraft:condition"
                                },
                                {
                                  "result_state": {
                                    "Name": "minecraft:gravel"
                                  },
                                  "type": "minecraft:block"
                                }
                              ],
                              "type": "minecraft:sequence"
                            }
                          ],
                          "type": "minecraft:sequence"
                        },
                        "type": "minecraft:condition"
                      },
                      {
                        "if_true": {
                          "biome_is": [
                            "minecraft:old_growth_pine_taiga",
                            "minecraft:old_growth_spruce_taiga"
                          ],
                          "type": "minecraft:biome"
                        },
                        "then_run": {
                          "sequence": [
                            {
                              "if_true": {
                                "noise": "minecraft:surface",
                                "min_threshold": 0.21212121212121213,
                                "max_threshold": 1.7976931348623157E308,
                                "type": "minecraft:noise_threshold"
                              },
                              "then_run": {
                                "result_state": {
                                  "Name": "minecraft:coarse_dirt"
                                },
                                "type": "minecraft:block"
                              },
                              "type": "minecraft:condition"
                            },
                            {
                              "if_true": {
                                "noise": "minecraft:surface",
                                "min_threshold": -0.11515151515151514,
                                "max_threshold": 1.7976931348623157E308,
                                "type": "minecraft:noise_threshold"
                              },
                              "then_run": {
                                "result_state": {
                                  "Properties": {
                                    "snowy": "false"
                                  },
                                  "Name": "minecraft:podzol"
                                },
                                "type": "minecraft:block"
                              },
                              "type": "minecraft:condition"
                            }
                          ],
                          "type": "minecraft:sequence"
                        },
                        "type": "minecraft:condition"
                      },
                      {
                        "if_true": {
                          "biome_is": [
                            "minecraft:ice_spikes"
                          ],
                          "type": "minecraft:biome"
                        },
                        "then_run": {
                          "if_true": {
                            "offset": 0,
                            "surface_depth_multiplier": 0,
                            "add_stone_depth": false,
                            "type": "minecraft:water"
                          },
                          "then_run": {
                            "result_state": {
                              "Name": "minecraft:snow_block"
                            },
                            "type": "minecraft:block"
                          },
                          "type": "minecraft:condition"
                        },
                        "type": "minecraft:condition"
                      },
                      {
                        "if_true": {
                          "biome_is": [
                            "minecraft:mushroom_fields"
                          ],
                          "type": "minecraft:biome"
                        },
                        "then_run": {
                          "result_state": {
                            "Properties": {
                              "snowy": "false"
                            },
                            "Name": "minecraft:mycelium"
                          },
                          "type": "minecraft:block"
                        },
                        "type": "minecraft:condition"
                      },
                      {
                        "sequence": [
                          {
                            "if_true": {
                              "offset": 0,
                              "surface_depth_multiplier": 0,
                              "add_stone_depth": false,
                              "type": "minecraft:water"
                            },
                            "then_run": {
                              "result_state": {
                                "Properties": {
                                  "snowy": "false"
                                },
                                "Name": "minecraft:grass_block"
                              },
                              "type": "minecraft:block"
                            },
                            "type": "minecraft:condition"
                          },
                          {
                            "result_state": {
                              "Name": "minecraft:dirt"
                            },
                            "type": "minecraft:block"
                          }
                        ],
                        "type": "minecraft:sequence"
                      }
                    ],
                    "type": "minecraft:sequence"
                  }
                ],
                "type": "minecraft:sequence"
              },
              "type": "minecraft:condition"
            },
            "type": "minecraft:condition"
          },
          {
            "if_true": {
              "offset": -6,
              "surface_depth_multiplier": -1,
              "add_stone_depth": true,
              "type": "minecraft:water"
            },
            "then_run": {
              "sequence": [
                {
                  "if_true": {
                    "offset": 0,
                    "add_surface_depth": false,
                    "secondary_depth_range": 0,
                    "surface_type": "floor",
                    "type": "minecraft:stone_depth"
                  },
                  "then_run": {
                    "if_true": {
                      "biome_is": [
                        "minecraft:frozen_ocean",
                        "minecraft:deep_frozen_ocean"
                      ],
                      "type": "minecraft:biome"
                    },
                    "then_run": {
                      "if_true": {
                        "type": "minecraft:hole"
                      },
                      "then_run": {
                        "result_state": {
                          "Properties": {
                            "level": "0"
                          },
                          "Name": "minecraft:water"
                        },
                        "type": "minecraft:block"
                      },
                      "type": "minecraft:condition"
                    },
                    "type": "minecraft:condition"
                  },
                  "type": "minecraft:condition"
                },
                {
                  "if_true": {
                    "offset": 0,
                    "add_surface_depth": true,
                    "secondary_depth_range": 0,
                    "surface_type": "floor",
                    "type": "minecraft:stone_depth"
                  },
                  "then_run": {
                    "sequence": [
                      {
                        "if_true": {
                          "biome_is": [
                            "minecraft:frozen_peaks"
                          ],
                          "type": "minecraft:biome"
                        },
                        "then_run": {
                          "sequence": [
                            {
                              "if_true": {
                                "type": "minecraft:steep"
                              },
                              "then_run": {
                                "result_state": {
                                  "Name": "minecraft:packed_ice"
                                },
                                "type": "minecraft:block"
                              },
                              "type": "minecraft:condition"
                            },
                            {
                              "if_true": {
                                "noise": "minecraft:packed_ice",
                                "min_threshold": -0.5,
                                "max_threshold": 0.2,
                                "type": "minecraft:noise_threshold"
                              },
                              "then_run": {
                                "result_state": {
                                  "Name": "minecraft:packed_ice"
                                },
                                "type": "minecraft:block"
                              },
                              "type": "minecraft:condition"
                            },
                            {
                              "if_true": {
                                "noise": "minecraft:ice",
                                "min_threshold": -0.0625,
                                "max_threshold": 0.025,
                                "type": "minecraft:noise_threshold"
                              },
                              "then_run": {
                                "result_state": {
                                  "Name": "minecraft:ice"
                                },
                                "type": "minecraft:block"
                              },
                              "type": "minecraft:condition"
                            },
                            {
                              "if_true": {
                                "offset": 0,
                                "surface_depth_multiplier": 0,
                                "add_stone_depth": false,
                                "type": "minecraft:water"
                              },
                              "then_run": {
                                "result_state": {
                                  "Name": "minecraft:snow_block"
                                },
                                "type": "minecraft:block"
                              },
                              "type": "minecraft:condition"
                            }
                          ],
                          "type": "minecraft:sequence"
                        },
                        "type": "minecraft:condition"
                      },
                      {
                        "if_true": {
                          "biome_is": [
                            "minecraft:snowy_slopes"
                          ],
                          "type": "minecraft:biome"
                        },
                        "then_run": {
                          "sequence": [
                            {
                              "if_true": {
                                "type": "minecraft:steep"
                              },
                              "then_run": {
                                "result_state": {
                                  "Name": "minecraft:stone"
                                },
                                "type": "minecraft:block"
                              },
                              "type": "minecraft:condition"
                            },
                            {
                              "if_true": {
                                "noise": "minecraft:powder_snow",
                                "min_threshold": 0.45,
                                "max_threshold": 0.58,
                                "type": "minecraft:noise_threshold"
                              },
                              "then_run": {
                                "if_true": {
                                  "offset": 0,
                                  "surface_depth_multiplier": 0,
                                  "add_stone_depth": false,
                                  "type": "minecraft:water"
                                },
                                "then_run": {
                                  "result_state": {
                                    "Name": "minecraft:powder_snow"
                                  },
                                  "type": "minecraft:block"
                                },
                                "type": "minecraft:condition"
                              },
                              "type": "minecraft:condition"
                            },
                            {
                              "if_true": {
                                "offset": 0,
                                "surface_depth_multiplier": 0,
                                "add_stone_depth": false,
                                "type": "minecraft:water"
                              },
                              "then_run": {
                                "result_state": {
                                  "Name": "minecraft:snow_block"
                                },
                                "type": "minecraft:block"
                              },
                              "type": "minecraft:condition"
                            }
                          ],
                          "type": "minecraft:sequence"
                        },
                        "type": "minecraft:condition"
                      },
                      {
                        "if_true": {
                          "biome_is": [
                            "minecraft:jagged_peaks"
                          ],
                          "type": "minecraft:biome"
                        },
                        "then_run": {
                          "result_state": {
                            "Name": "minecraft:stone"
                          },
                          "type": "minecraft:block"
                        },
                        "type": "minecraft:condition"
                      },
                      {
                        "if_true": {
                          "biome_is": [
                            "minecraft:grove"
                          ],
                          "type": "minecraft:biome"
                        },
                        "then_run": {
                          "sequence": [
                            {
                              "if_true": {
                                "noise": "minecraft:powder_snow",
                                "min_threshold": 0.45,
                                "max_threshold": 0.58,
                                "type": "minecraft:noise_threshold"
                              },
                              "then_run": {
                                "if_true": {
                                  "offset": 0,
                                  "surface_depth_multiplier": 0,
                                  "add_stone_depth": false,
                                  "type": "minecraft:water"
                                },
                                "then_run": {
                                  "result_state": {
                                    "Name": "minecraft:powder_snow"
                                  },
                                  "type": "minecraft:block"
                                },
                                "type": "minecraft:condition"
                              },
                              "type": "minecraft:condition"
                            },
                            {
                              "result_state": {
                                "Name": "minecraft:dirt"
                              },
                              "type": "minecraft:block"
                            }
                          ],
                          "type": "minecraft:sequence"
                        },
                        "type": "minecraft:condition"
                      },
                      {
                        "sequence": [
                          {
                            "if_true": {
                              "biome_is": [
                                "minecraft:stony_peaks"
                              ],
                              "type": "minecraft:biome"
                            },
                            "then_run": {
                              "sequence": [
                                {
                                  "if_true": {
                                    "noise": "minecraft:calcite",
                                    "min_threshold": -0.0125,
                                    "max_threshold": 0.0125,
                                    "type": "minecraft:noise_threshold"
                                  },
                                  "then_run": {
                                    "result_state": {
                                      "Name": "minecraft:calcite"
                                    },
                                    "type": "minecraft:block"
                                  },
                                  "type": "minecraft:condition"
                                },
                                {
                                  "result_state": {
                                    "Name": "minecraft:stone"
                                  },
                                  "type": "minecraft:block"
                                }
                              ],
                              "type": "minecraft:sequence"
                            },
                            "type": "minecraft:condition"
                          },
                          {
                            "if_true": {
                              "biome_is": [
                                "minecraft:stony_shore"
                              ],
                              "type": "minecraft:biome"
                            },
                            "then_run": {
                              "sequence": [
                                {
                                  "if_true": {
                                    "noise": "minecraft:gravel",
                                    "min_threshold": -0.05,
                                    "max_threshold": 0.05,
                                    "type": "minecraft:noise_threshold"
                                  },
                                  "then_run": {
                                    "sequence": [
                                      {
                                        "if_true": {
                                          "offset": 0,
                                          "add_surface_depth": false,
                                          "secondary_depth_range": 0,
                                          "surface_type": "ceiling",
                                          "type": "minecraft:stone_depth"
                                        },
                                        "then_run": {
                                          "result_state": {
                                            "Name": "minecraft:stone"
                                          },
                                          "type": "minecraft:block"
                                        },
                                        "type": "minecraft:condition"
                                      },
                                      {
                                        "result_state": {
                                          "Name": "minecraft:gravel"
                                        },
                                        "type": "minecraft:block"
                                      }
                                    ],
                                    "type": "minecraft:sequence"
                                  },
                                  "type": "minecraft:condition"
                                },
                                {
                                  "result_state": {
                                    "Name": "minecraft:stone"
                                  },
                                  "type": "minecraft:block"
                                }
                              ],
                              "type": "minecraft:sequence"
                            },
                            "type": "minecraft:condition"
                          },
                          {
                            "if_true": {
                              "biome_is": [
                                "minecraft:windswept_hills"
                              ],
                              "type": "minecraft:biome"
                            },
                            "then_run": {
                              "if_true": {
                                "noise": "minecraft:surface",
                                "min_threshold": 0.12121212121212122,
                                "max_threshold": 1.7976931348623157E308,
                                "type": "minecraft:noise_threshold"
                              },
                              "then_run": {
                                "result_state": {
                                  "Name": "minecraft:stone"
                                },
                                "type": "minecraft:block"
                              },
                              "type": "minecraft:condition"
                            },
                            "type": "minecraft:condition"
                          },
                          {
                            "if_true": {
                              "biome_is": [
                                "minecraft:warm_ocean",
                                "minecraft:beach",
                                "minecraft:snowy_beach"
                              ],
                              "type": "minecraft:biome"
                            },
                            "then_run": {
                              "sequence": [
                                {
                                  "if_true": {
                                    "offset": 0,
                                    "add_surface_depth": false,
                                    "secondary_depth_range": 0,
                                    "surface_type": "ceiling",
                                    "type": "minecraft:stone_depth"
                                  },
                                  "then_run": {
                                    "result_state": {
                                      "Name": "minecraft:sandstone"
                                    },
                                    "type": "minecraft:block"
                                  },
                                  "type": "minecraft:condition"
                                },
                                {
                                  "result_state": {
                                    "Name": "minecraft:sand"
                                  },
                                  "type": "minecraft:block"
                                }
                              ],
                              "type": "minecraft:sequence"
                            },
                            "type": "minecraft:condition"
                          },
                          {
                            "if_true": {
                              "biome_is": [
                                "minecraft:desert"
                              ],
                              "type": "minecraft:biome"
                            },
                            "then_run": {
                              "sequence": [
                                {
                                  "if_true": {
                                    "offset": 0,
                                    "add_surface_depth": false,
                                    "secondary_depth_range": 0,
                                    "surface_type": "ceiling",
                                    "type": "minecraft:stone_depth"
                                  },
                                  "then_run": {
                                    "result_state": {
                                      "Name": "minecraft:sandstone"
                                    },
                                    "type": "minecraft:block"
                                  },
                                  "type": "minecraft:condition"
                                },
                                {
                                  "result_state": {
                                    "Name": "minecraft:sand"
                                  },
                                  "type": "minecraft:block"
                                }
                              ],
                              "type": "minecraft:sequence"
                            },
                            "type": "minecraft:condition"
                          },
                          {
                            "if_true": {
                              "biome_is": [
                                "minecraft:dripstone_caves"
                              ],
                              "type": "minecraft:biome"
                            },
                            "then_run": {
                              "result_state": {
                                "Name": "minecraft:stone"
                              },
                              "type": "minecraft:block"
                            },
                            "type": "minecraft:condition"
                          }
                        ],
                        "type": "minecraft:sequence"
                      },
                      {
                        "if_true": {
                          "biome_is": [
                            "minecraft:windswept_savanna"
                          ],
                          "type": "minecraft:biome"
                        },
                        "then_run": {
                          "if_true": {
                            "noise": "minecraft:surface",
                            "min_threshold": 0.21212121212121213,
                            "max_threshold": 1.7976931348623157E308,
                            "type": "minecraft:noise_threshold"
                          },
                          "then_run": {
                            "result_state": {
                              "Name": "minecraft:stone"
                            },
                            "type": "minecraft:block"
                          },
                          "type": "minecraft:condition"
                        },
                        "type": "minecraft:condition"
                      },
                      {
                        "if_true": {
                          "biome_is": [
                            "minecraft:windswept_gravelly_hills"
                          ],
                          "type": "minecraft:biome"
                        },
                        "then_run": {
                          "sequence": [
                            {
                              "if_true": {
                                "noise": "minecraft:surface",
                                "min_threshold": 0.24242424242424243,
                                "max_threshold": 1.7976931348623157E308,
                                "type": "minecraft:noise_threshold"
                              },
                              "then_run": {
                                "sequence": [
                                  {
                                    "if_true": {
                                      "offset": 0,
                                      "add_surface_depth": false,
                                      "secondary_depth_range": 0,
                                      "surface_type": "ceiling",
                                      "type": "minecraft:stone_depth"
                                    },
                                    "then_run": {
                                      "result_state": {
                                        "Name": "minecraft:stone"
                                      },
                                      "type": "minecraft:block"
                                    },
                                    "type": "minecraft:condition"
                                  },
                                  {
                                    "result_state": {
                                      "Name": "minecraft:gravel"
                                    },
                                    "type": "minecraft:block"
                                  }
                                ],
                                "type": "minecraft:sequence"
                              },
                              "type": "minecraft:condition"
                            },
                            {
                              "if_true": {
                                "noise": "minecraft:surface",
                                "min_threshold": 0.12121212121212122,
                                "max_threshold": 1.7976931348623157E308,
                                "type": "minecraft:noise_threshold"
                              },
                              "then_run": {
                                "result_state": {
                                  "Name": "minecraft:stone"
                                },
                                "type": "minecraft:block"
                              },
                              "type": "minecraft:condition"
                            },
                            {
                              "if_true": {
                                "noise": "minecraft:surface",
                                "min_threshold": -0.12121212121212122,
                                "max_threshold": 1.7976931348623157E308,
                                "type": "minecraft:noise_threshold"
                              },
                              "then_run": {
                                "result_state": {
                                  "Name": "minecraft:dirt"
                                },
                                "type": "minecraft:block"
                              },
                              "type": "minecraft:condition"
                            },
                            {
                              "sequence": [
                                {
                                  "if_true": {
                                    "offset": 0,
                                    "add_surface_depth": false,
                                    "secondary_depth_range": 0,
                                    "surface_type": "ceiling",
                                    "type": "minecraft:stone_depth"
                                  },
                                  "then_run": {
                                    "result_state": {
                                      "Name": "minecraft:stone"
                                    },
                                    "type": "minecraft:block"
                                  },
                                  "type": "minecraft:condition"
                                },
                                {
                                  "result_state": {
                                    "Name": "minecraft:gravel"
                                  },
                                  "type": "minecraft:block"
                                }
                              ],
                              "type": "minecraft:sequence"
                            }
                          ],
                          "type": "minecraft:sequence"
                        },
                        "type": "minecraft:condition"
                      },
                      {
                        "result_state": {
                          "Name": "minecraft:dirt"
                        },
                        "type": "minecraft:block"
                      }
                    ],
                    "type": "minecraft:sequence"
                  },
                  "type": "minecraft:condition"
                },
                {
                  "if_true": {
                    "biome_is": [
                      "minecraft:warm_ocean",
                      "minecraft:beach",
                      "minecraft:snowy_beach"
                    ],
                    "type": "minecraft:biome"
                  },
                  "then_run": {
                    "if_true": {
                      "offset": 0,
                      "add_surface_depth": true,
                      "secondary_depth_range": 6,
                      "surface_type": "floor",
                      "type": "minecraft:stone_depth"
                    },
                    "then_run": {
                      "result_state": {
                        "Name": "minecraft:sandstone"
                      },
                      "type": "minecraft:block"
                    },
                    "type": "minecraft:condition"
                  },
                  "type": "minecraft:condition"
                },
                {
                  "if_true": {
                    "biome_is": [
                      "minecraft:desert"
                    ],
                    "type": "minecraft:biome"
                  },
                  "then_run": {
                    "if_true": {
                      "offset": 0,
                      "add_surface_depth": true,
                      "secondary_depth_range": 30,
                      "surface_type": "floor",
                      "type": "minecraft:stone_depth"
                    },
                    "then_run": {
                      "result_state": {
                        "Name": "minecraft:sandstone"
                      },
                      "type": "minecraft:block"
                    },
                    "type": "minecraft:condition"
                  },
                  "type": "minecraft:condition"
                }
              ],
              "type": "minecraft:sequence"
            },
            "type": "minecraft:condition"
          },
          {
            "if_true": {
              "offset": 0,
              "add_surface_depth": false,
              "secondary_depth_range": 0,
              "surface_type": "floor",
              "type": "minecraft:stone_depth"
            },
            "then_run": {
              "sequence": [
                {
                  "if_true": {
                    "biome_is": [
                      "minecraft:frozen_peaks",
                      "minecraft:jagged_peaks"
                    ],
                    "type": "minecraft:biome"
                  },
                  "then_run": {
                    "result_state": {
                      "Name": "minecraft:stone"
                    },
                    "type": "minecraft:block"
                  },
                  "type": "minecraft:condition"
                },
                {
                  "if_true": {
                    "biome_is": [
                      "minecraft:warm_ocean",
                      "minecraft:lukewarm_ocean",
                      "minecraft:deep_lukewarm_ocean"
                    ],
                    "type": "minecraft:biome"
                  },
                  "then_run": {
                    "sequence": [
                      {
                        "if_true": {
                          "offset": 0,
                          "add_surface_depth": false,
                          "secondary_depth_range": 0,
                          "surface_type": "ceiling",
                          "type": "minecraft:stone_depth"
                        },
                        "then_run": {
                          "result_state": {
                            "Name": "minecraft:sandstone"
                          },
                          "type": "minecraft:block"
                        },
                        "type": "minecraft:condition"
                      },
                      {
                        "result_state": {
                          "Name": "minecraft:sand"
                        },
                        "type": "minecraft:block"
                      }
                    ],
                    "type": "minecraft:sequence"
                  },
                  "type": "minecraft:condition"
                },
                {
                  "sequence": [
                    {
                      "if_true": {
                        "offset": 0,
                        "add_surface_depth": false,
                        "secondary_depth_range": 0,
                        "surface_type": "ceiling",
                        "type": "minecraft:stone_depth"
                      },
                      "then_run": {
                        "result_state": {
                          "Name": "minecraft:stone"
                        },
                        "type": "minecraft:block"
                      },
                      "type": "minecraft:condition"
                    },
                    {
                      "result_state": {
                        "Name": "minecraft:gravel"
                      },
                      "type": "minecraft:block"
                    }
                  ],
                  "type": "minecraft:sequence"
                }
              ],
              "type": "minecraft:sequence"
            },
            "type": "minecraft:condition"
          }
        ],
        "type": "minecraft:sequence"
      },
      {
        "if_true": {
          "random_name": "minecraft:deepslate",
          "true_at_and_below": {
            "absolute": 0
          },
          "false_at_and_above": {
            "absolute": 8
          },
          "type": "minecraft:vertical_gradient"
        },
        "then_run": {
          "result_state": {
            "Properties": {
              "axis": "y"
            },
            "Name": "minecraft:deepslate"
          },
          "type": "minecraft:block"
        },
        "type": "minecraft:condition"
      }
    ],
    "type": "minecraft:sequence"
  },
  "sea_level": -64,
  "structures": {
    "minecraft:nether_fossil": {
      "salt": 14357921,
      "spacing": 2,
      "separation": 1,
      "type": "minecraft:random_spread"
    },
    "minecraft:igloo": {
      "salt": 14357618,
      "spacing": 32,
      "separation": 8,
      "type": "minecraft:random_spread"
    },
    "minecraft:stronghold": {
      "distance": 32,
      "spread": 3,
      "count": 128,
      "type": "minecraft:concentric_rings"
    },
    "minecraft:village": {
      "salt": 10387312,
      "spacing": 34,
      "separation": 8,
      "type": "minecraft:random_spread"
    },
    "minecraft:endcity": {
      "spread_type": "triangular",
      "salt": 10387313,
      "spacing": 20,
      "separation": 11,
      "type": "minecraft:random_spread"
    },
    "minecraft:desert_pyramid": {
      "salt": 14357617,
      "spacing": 32,
      "separation": 8,
      "type": "minecraft:random_spread"
    },
    "minecraft:pillager_outpost": {
      "salt": 165745296,
      "spacing": 32,
      "separation": 8,
      "type": "minecraft:random_spread"
    },
    "minecraft:jungle_pyramid": {
      "salt": 14357619,
      "spacing": 32,
      "separation": 8,
      "type": "minecraft:random_spread"
    },
    "minecraft:ruined_portal": {
      "salt": 34222645,
      "spacing": 40,
      "separation": 15,
      "type": "minecraft:random_spread"
    },
    "minecraft:monument": {
      "spread_type": "triangular",
      "salt": 10387313,
      "spacing": 32,
      "separation": 5,
      "type": "minecraft:random_spread"
    },
    "minecraft:shipwreck": {
      "salt": 165745295,
      "spacing": 24,
      "separation": 4,
      "type": "minecraft:random_spread"
    },
    "minecraft:mineshaft": {
      "salt": 0,
      "spacing": 1,
      "separation": 0,
      "type": "minecraft:random_spread"
    },
    "minecraft:fortress": {
      "salt": 30084232,
      "spacing": 27,
      "separation": 4,
      "type": "minecraft:random_spread"
    },
    "minecraft:swamp_hut": {
      "salt": 14357620,
      "spacing": 32,
      "separation": 8,
      "type": "minecraft:random_spread"
    },
    "minecraft:buried_treasure": {
      "salt": 0,
      "locate_offset": [
        9,
        0,
        9
      ],
      "spacing": 1,
      "separation": 0,
      "type": "minecraft:random_spread"
    },
    "minecraft:mansion": {
      "spread_type": "triangular",
      "salt": 10387319,
      "spacing": 80,
      "separation": 20,
      "type": "minecraft:random_spread"
    },
    "minecraft:ocean_ruin": {
      "salt": 14357621,
      "spacing": 20,
      "separation": 8,
      "type": "minecraft:random_spread"
    },
    "minecraft:bastion_remnant": {
      "salt": 30084232,
      "spacing": 27,
      "separation": 4,
      "type": "minecraft:random_spread"
    }
  },
  "noise": {
    "terrain_shaper": {
      "offset": 0.0,
      "factor": 0.0,
      "jaggedness": 0.0
    },
    "size_horizontal": 2,
    "size_vertical": 1,
    "sampling": {
      "xz_scale": 2.0,
      "y_scale": 1.0,
      "xz_factor": 80.0,
      "y_factor": 160.0
    },
    "top_slide": {
      "target": -23.4375,
      "size": 64,
      "offset": -46
    },
    "bottom_slide": {
      "target": -0.234375,
      "size": 7,
      "offset": 1
    },
    "min_y": 0,
    "height": 256
  },
  "default_block": {
    "Name": "minecraft:stone"
  }
}