{
  "aquifers_enabled": false,
  "ore_veins_enabled": false,
  "legacy_random_source": true,
  "sea_level": 32,
  "disable_mob_generation": false,
  "default_fluid": {
    "Properties": {
      "level": "0"
    },
    "Name": "minecraft:lava"
  },
  "noise_router": {
    "final_density": {
      "argument": {
        "argument1": 0.64,
        "argument2": {
          "argument": {
            "argument": {
              "argument": "minecraft:overworld/sloped_cheese",
              "type": "minecraft:slide"
            },
            "type": "minecraft:blend_density"
          },
          "type": "minecraft:interpolated"
        },
        "type": "minecraft:mul"
      },
      "type": "minecraft:squeeze"
    },
    "vein_toggle": 0.0,
    "vein_ridged": 0.0,
    "vein_gap": 0.0,
    "erosion": "minecraft:overworld/erosion",
    "depth": "minecraft:overworld/depth",
    "ridges": "minecraft:overworld/ridges",
    "initial_density_without_jaggedness": {
      "argument1": 4.0,
      "argument2": {
        "argument": {
          "argument1": "minecraft:overworld/depth",
          "argument2": {
            "argument": "minecraft:overworld/factor",
            "type": "minecraft:cache_2d"
          },
          "type": "minecraft:mul"
        },
        "type": "minecraft:quarter_negative"
      },
      "type": "minecraft:mul"
    },
    "lava": 0.0,
    "temperature": {
      "xz_scale": 0.25,
      "y_scale": 0.0,
      "noise": "minecraft:temperature",
      "shift_x": "minecraft:shift_x",
      "shift_y": 0.0,
      "shift_z": "minecraft:shift_z",
      "type": "minecraft:shifted_noise"
    },
    "vegetation": {
      "xz_scale": 0.25,
      "y_scale": 0.0,
      "noise": "minecraft:vegetation",
      "shift_x": "minecraft:shift_x",
      "shift_y": 0.0,
      "shift_z": "minecraft:shift_z",
      "type": "minecraft:shifted_noise"
    },
    "continents": "minecraft:overworld/continents",
    "barrier": 0.0,
    "fluid_level_floodedness": 0.0,
    "fluid_level_spread": 0.0
  },
  "surface_rule": {
    "sequence": [
      {
        "if_true": {
          "random_name": "minecraft:bedrock_floor",
          "true_at_and_below": {
            "above_bottom": 0
          },
          "false_at_and_above": {
            "above_bottom": 5
          },
          "type": "minecraft:vertical_gradient"
        },
        "then_run": {
          "result_state": {
            "Name": "minecraft:bedrock"
          },
          "type": "minecraft:block"
        },
        "type": "minecraft:condition"
      },
      {
        "if_true": {
          "invert": {
            "random_name": "minecraft:bedrock_roof",
            "true_at_and_below": {
              "below_top": 5
            },
            "false_at_and_above": {
              "below_top": 0
            },
            "type": "minecraft:vertical_gradient"
          },
          "type": "minecraft:not"
        },
        "then_run": {
          "result_state": {
            "Name": "minecraft:bedrock"
          },
          "type": "minecraft:block"
        },
        "type": "minecraft:condition"
      },
      {
        "if_true": {
          "anchor": {
            "below_top": 5
          },
          "surface_depth_multiplier": 0,
          "add_stone_depth": false,
          "type": "minecraft:y_above"
        },
        "then_run": {
          "result_state": {
            "Name": "minecraft:netherrack"
          },
          "type": "minecraft:block"
        },
        "type": "minecraft:condition"
      },
      {
        "if_true": {
          "biome_is": [
            "minecraft:basalt_deltas"
          ],
          "type": "minecraft:biome"
        },
        "then_run": {
          "sequence": [
            {
              "if_true": {
                "offset": 0,
                "add_surface_depth": true,
                "secondary_depth_range": 0,
                "surface_type": "ceiling",
                "type": "minecraft:stone_depth"
              },
              "then_run": {
                "result_state": {
                  "Properties": {
                    "axis": "y"
                  },
                  "Name": "minecraft:basalt"
                },
                "type": "minecraft:block"
              },
              "type": "minecraft:condition"
            },
            {
              "if_true": {
                "offset": 0,
                "add_surface_depth": true,
                "secondary_depth_range": 0,
                "surface_type": "floor",
                "type": "minecraft:stone_depth"
              },
              "then_run": {
                "sequence": [
                  {
                    "if_true": {
                      "noise": "minecraft:patch",
                      "min_threshold": -0.012,
                      "max_threshold": 1.7976931348623157E308,
                      "type": "minecraft:noise_threshold"
                    },
                    "then_run": {
                      "if_true": {
                        "anchor": {
                          "absolute": 30
                        },
                        "surface_depth_multiplier": 0,
                        "add_stone_depth": true,
                        "type": "minecraft:y_above"
                      },
                      "then_run": {
                        "if_true": {
                          "invert": {
                            "anchor": {
                              "absolute": 35
                            },
                            "surface_depth_multiplier": 0,
                            "add_stone_depth": true,
                            "type": "minecraft:y_above"
                          },
                          "type": "minecraft:not"
                        },
                        "then_run": {
                          "result_state": {
                            "Name": "minecraft:gravel"
                          },
                          "type": "minecraft:block"
                        },
                        "type": "minecraft:condition"
                      },
                      "type": "minecraft:condition"
                    },
                    "type": "minecraft:condition"
                  },
                  {
                    "if_true": {
                      "noise": "minecraft:nether_state_selector",
                      "min_threshold": 0.0,
                      "max_threshold": 1.7976931348623157E308,
                      "type": "minecraft:noise_threshold"
                    },
                    "then_run": {
                      "result_state": {
                        "Properties": {
                          "axis": "y"
                        },
                        "Name": "minecraft:basalt"
                      },
                      "type": "minecraft:block"
                    },
                    "type": "minecraft:condition"
                  },
                  {
                    "result_state": {
                      "Name": "minecraft:blackstone"
                    },
                    "type": "minecraft:block"
                  }
                ],
                "type": "minecraft:sequence"
              },
              "type": "minecraft:condition"
            }
          ],
          "type": "minecraft:sequence"
        },
        "type": "minecraft:condition"
      },
      {
        "if_true": {
          "biome_is": [
            "minecraft:soul_sand_valley"
          ],
          "type": "minecraft:biome"
        },
        "then_run": {
          "sequence": [
            {
              "if_true": {
                "offset": 0,
                "add_surface_depth": true,
                "secondary_depth_range": 0,
                "surface_type": "ceiling",
                "type": "minecraft:stone_depth"
              },
              "then_run": {
                "sequence": [
                  {
                    "if_true": {
                      "noise": "minecraft:nether_state_selector",
                      "min_threshold": 0.0,
                      "max_threshold": 1.7976931348623157E308,
                      "type": "minecraft:noise_threshold"
                    },
                    "then_run": {
                      "result_state": {
                        "Name": "minecraft:soul_sand"
                      },
                      "type": "minecraft:block"
                    },
                    "type": "minecraft:condition"
                  },
                  {
                    "result_state": {
                      "Name": "minecraft:soul_soil"
                    },
                    "type": "minecraft:block"
                  }
                ],
                "type": "minecraft:sequence"
              },
              "type": "minecraft:condition"
            },
            {
              "if_true": {
                "offset": 0,
                "add_surface_depth": true,
                "secondary_depth_range": 0,
                "surface_type": "floor",
                "type": "minecraft:stone_depth"
              },
              "then_run": {
                "sequence": [
                  {
                    "if_true": {
                      "noise": "minecraft:patch",
                      "min_threshold": -0.012,
                      "max_threshold": 1.7976931348623157E308,
                      "type": "minecraft:noise_threshold"
                    },
                    "then_run": {
                      "if_true": {
                        "anchor": {
                          "absolute": 30
                        },
                        "surface_depth_multiplier": 0,
                        "add_stone_depth": true,
                        "type": "minecraft:y_above"
                      },
                      "then_run": {
                        "if_true": {
                          "invert": {
                            "anchor": {
                              "absolute": 35
                            },
                            "surface_depth_multiplier": 0,
                            "add_stone_depth": true,
                            "type": "minecraft:y_above"
                          },
                          "type": "minecraft:not"
                        },
                        "then_run": {
                          "result_state": {
                            "Name": "minecraft:gravel"
                          },
                          "type": "minecraft:block"
                        },
                        "type": "minecraft:condition"
                      },
                      "type": "minecraft:condition"
                    },
                    "type": "minecraft:condition"
                  },
                  {
                    "if_true": {
                      "noise": "minecraft:nether_state_selector",
                      "min_threshold": 0.0,
                      "max_threshold": 1.7976931348623157E308,
                      "type": "minecraft:noise_threshold"
                    },
                    "then_run": {
                      "result_state": {
                        "Name": "minecraft:soul_sand"
                      },
                      "type": "minecraft:block"
                    },
                    "type": "minecraft:condition"
                  },
                  {
                    "result_state": {
                      "Name": "minecraft:soul_soil"
                    },
                    "type": "minecraft:block"
                  }
                ],
                "type": "minecraft:sequence"
              },
              "type": "minecraft:condition"
            }
          ],
          "type": "minecraft:sequence"
        },
        "type": "minecraft:condition"
      },
      {
        "if_true": {
          "offset": 0,
          "add_surface_depth": false,
          "secondary_depth_range": 0,
          "surface_type": "floor",
          "type": "minecraft:stone_depth"
        },
        "then_run": {
          "sequence": [
            {
              "if_true": {
                "invert": {
                  "anchor": {
                    "absolute": 32
                  },
                  "surface_depth_multiplier": 0,
                  "add_stone_depth": false,
                  "type": "minecraft:y_above"
                },
                "type": "minecraft:not"
              },
              "then_run": {
                "if_true": {
                  "type": "minecraft:hole"
                },
                "then_run": {
                  "result_state": {
                    "Properties": {
                      "level": "0"
                    },
                    "Name": "minecraft:lava"
                  },
                  "type": "minecraft:block"
                },
                "type": "minecraft:condition"
              },
              "type": "minecraft:condition"
            },
            {
              "if_true": {
                "biome_is": [
                  "minecraft:warped_forest"
                ],
                "type": "minecraft:biome"
              },
              "then_run": {
                "if_true": {
                  "invert": {
                    "noise": "minecraft:netherrack",
                    "min_threshold": 0.54,
                    "max_threshold": 1.7976931348623157E308,
                    "type": "minecraft:noise_threshold"
                  },
                  "type": "minecraft:not"
                },
                "then_run": {
                  "if_true": {
                    "anchor": {
                      "absolute": 31
                    },
                    "surface_depth_multiplier": 0,
                    "add_stone_depth": false,
                    "type": "minecraft:y_above"
                  },
                  "then_run": {
                    "sequence": [
                      {
                        "if_true": {
                          "noise": "minecraft:nether_wart",
                          "min_threshold": 1.17,
                          "max_threshold": 1.7976931348623157E308,
                          "type": "minecraft:noise_threshold"
                        },
                        "then_run": {
                          "result_state": {
                            "Name": "minecraft:warped_wart_block"
                          },
                          "type": "minecraft:block"
                        },
                        "type": "minecraft:condition"
                      },
                      {
                        "result_state": {
                          "Name": "minecraft:warped_nylium"
                        },
                        "type": "minecraft:block"
                      }
                    ],
                    "type": "minecraft:sequence"
                  },
                  "type": "minecraft:condition"
                },
                "type": "minecraft:condition"
              },
              "type": "minecraft:condition"
            },
            {
              "if_true": {
                "biome_is": [
                  "minecraft:crimson_forest"
                ],
                "type": "minecraft:biome"
              },
              "then_run": {
                "if_true": {
                  "invert": {
                    "noise": "minecraft:netherrack",
                    "min_threshold": 0.54,
                    "max_threshold": 1.7976931348623157E308,
                    "type": "minecraft:noise_threshold"
                  },
                  "type": "minecraft:not"
                },
                "then_run": {
                  "if_true": {
                    "anchor": {
                      "absolute": 31
                    },
                    "surface_depth_multiplier": 0,
                    "add_stone_depth": false,
                    "type": "minecraft:y_above"
                  },
                  "then_run": {
                    "sequence": [
                      {
                        "if_true": {
                          "noise": "minecraft:nether_wart",
                          "min_threshold": 1.17,
                          "max_threshold": 1.7976931348623157E308,
                          "type": "minecraft:noise_threshold"
                        },
                        "then_run": {
                          "result_state": {
                            "Name": "minecraft:nether_wart_block"
                          },
                          "type": "minecraft:block"
                        },
                        "type": "minecraft:condition"
                      },
                      {
                        "result_state": {
                          "Name": "minecraft:crimson_nylium"
                        },
                        "type": "minecraft:block"
                      }
                    ],
                    "type": "minecraft:sequence"
                  },
                  "type": "minecraft:condition"
                },
                "type": "minecraft:condition"
              },
              "type": "minecraft:condition"
            }
          ],
          "type": "minecraft:sequence"
        },
        "type": "minecraft:condition"
      },
      {
        "if_true": {
          "biome_is": [
            "minecraft:nether_wastes"
          ],
          "type": "minecraft:biome"
        },
        "then_run": {
          "sequence": [
            {
              "if_true": {
                "offset": 0,
                "add_surface_depth": true,
                "secondary_depth_range": 0,
                "surface_type": "floor",
                "type": "minecraft:stone_depth"
              },
              "then_run": {
                "if_true": {
                  "noise": "minecraft:soul_sand_layer",
                  "min_threshold": -0.012,
                  "max_threshold": 1.7976931348623157E308,
                  "type": "minecraft:noise_threshold"
                },
                "then_run": {
                  "sequence": [
                    {
                      "if_true": {
                        "invert": {
                          "type": "minecraft:hole"
                        },
                        "type": "minecraft:not"
                      },
                      "then_run": {
                        "if_true": {
                          "anchor": {
                            "absolute": 30
                          },
                          "surface_depth_multiplier": 0,
                          "add_stone_depth": true,
                          "type": "minecraft:y_above"
                        },
                        "then_run": {
                          "if_true": {
                            "invert": {
                              "anchor": {
                                "absolute": 35
                              },
                              "surface_depth_multiplier": 0,
                              "add_stone_depth": true,
                              "type": "minecraft:y_above"
                            },
                            "type": "minecraft:not"
                          },
                          "then_run": {
                            "result_state": {
                              "Name": "minecraft:soul_sand"
                            },
                            "type": "minecraft:block"
                          },
                          "type": "minecraft:condition"
                        },
                        "type": "minecraft:condition"
                      },
                      "type": "minecraft:condition"
                    },
                    {
                      "result_state": {
                        "Name": "minecraft:netherrack"
                      },
                      "type": "minecraft:block"
                    }
                  ],
                  "type": "minecraft:sequence"
                },
                "type": "minecraft:condition"
              },
              "type": "minecraft:condition"
            },
            {
              "if_true": {
                "offset": 0,
                "add_surface_depth": false,
                "secondary_depth_range": 0,
                "surface_type": "floor",
                "type": "minecraft:stone_depth"
              },
              "then_run": {
                "if_true": {
                  "anchor": {
                    "absolute": 31
                  },
                  "surface_depth_multiplier": 0,
                  "add_stone_depth": false,
                  "type": "minecraft:y_above"
                },
                "then_run": {
                  "if_true": {
                    "invert": {
                      "anchor": {
                        "absolute": 35
                      },
                      "surface_depth_multiplier": 0,
                      "add_stone_depth": true,
                      "type": "minecraft:y_above"
                    },
                    "type": "minecraft:not"
                  },
                  "then_run": {
                    "if_true": {
                      "noise": "minecraft:gravel_layer",
                      "min_threshold": -0.012,
                      "max_threshold": 1.7976931348623157E308,
                      "type": "minecraft:noise_threshold"
                    },
                    "then_run": {
                      "sequence": [
                        {
                          "if_true": {
                            "anchor": {
                              "absolute": 32
                            },
                            "surface_depth_multiplier": 0,
                            "add_stone_depth": false,
                            "type": "minecraft:y_above"
                          },
                          "then_run": {
                            "result_state": {
                              "Name": "minecraft:gravel"
                            },
                            "type": "minecraft:block"
                          },
                          "type": "minecraft:condition"
                        },
                        {
                          "if_true": {
                            "invert": {
                              "type": "minecraft:hole"
                            },
                            "type": "minecraft:not"
                          },
                          "then_run": {
                            "result_state": {
                              "Name": "minecraft:gravel"
                            },
                            "type": "minecraft:block"
                          },
                          "type": "minecraft:condition"
                        }
                      ],
                      "type": "minecraft:sequence"
                    },
                    "type": "minecraft:condition"
                  },
                  "type": "minecraft:condition"
                },
                "type": "minecraft:condition"
              },
              "type": "minecraft:condition"
            }
          ],
          "type": "minecraft:sequence"
        },
        "type": "minecraft:condition"
      },
      {
        "result_state": {
          "Name": "minecraft:netherrack"
        },
        "type": "minecraft:block"
      }
    ],
    "type": "minecraft:sequence"
  },
  "noise": {
    "bottom_slide": {
      "target": 2.5,
      "size": 4,
      "offset": -1
    },
    "size_horizontal": 1,
    "size_vertical": 2,
    "terrain_shaper": {
      "offset": 0.0,
      "factor": 0.0,
      "jaggedness": 0.0
    },
    "min_y": 0,
    "height": 128,
    "sampling": {
      "xz_scale": 1.0,
      "y_scale": 3.0,
      "xz_factor": 80.0,
      "y_factor": 60.0
    },
    "top_slide": {
      "target": 0.9375,
      "size": 3,
      "offset": 0
    }
  },
  "default_block": {
    "Name": "minecraft:netherrack"
  }
}