{
  "processors": [
    {
      "rules": [
        {
          "position_predicate": {
            "predicate_type": "minecraft:always_true"
          },
          "output_state": {
            "Name": "minecraft:air"
          },
          "input_predicate": {
            "tag": "minecraft:doors",
            "predicate_type": "minecraft:tag_match"
          },
          "location_predicate": {
            "predicate_type": "minecraft:always_true"
          }
        },
        {
          "position_predicate": {
            "predicate_type": "minecraft:always_true"
          },
          "output_state": {
            "Name": "minecraft:air"
          },
          "input_predicate": {
            "block": "minecraft:torch",
            "predicate_type": "minecraft:block_match"
          },
          "location_predicate": {
            "predicate_type": "minecraft:always_true"
          }
        },
        {
          "position_predicate": {
            "predicate_type": "minecraft:always_true"
          },
          "output_state": {
            "Name": "minecraft:air"
          },
          "input_predicate": {
            "block": "minecraft:wall_torch",
            "predicate_type": "minecraft:block_match"
          },
          "location_predicate": {
            "predicate_type": "minecraft:always_true"
          }
        },
        {
          "position_predicate": {
            "predicate_type": "minecraft:always_true"
          },
          "output_state": {
            "Name": "minecraft:cobweb"
          },
          "input_predicate": {
            "block": "minecraft:acacia_planks",
            "probability": 0.2,
            "predicate_type": "minecraft:random_block_match"
          },
          "location_predicate": {
            "predicate_type": "minecraft:always_true"
          }
        },
        {
          "position_predicate": {
            "predicate_type": "minecraft:always_true"
          },
          "output_state": {
            "Name": "minecraft:cobweb"
          },
          "input_predicate": {
            "block": "minecraft:acacia_stairs",
            "probability": 0.2,
            "predicate_type": "minecraft:random_block_match"
          },
          "location_predicate": {
            "predicate_type": "minecraft:always_true"
          }
        },
        {
          "position_predicate": {
            "predicate_type": "minecraft:always_true"
          },
          "output_state": {
            "Name": "minecraft:cobweb"
          },
          "input_predicate": {
            "block": "minecraft:acacia_log",
            "probability": 0.05,
            "predicate_type": "minecraft:random_block_match"
          },
          "location_predicate": {
            "predicate_type": "minecraft:always_true"
          }
        },
        {
          "position_predicate": {
            "predicate_type": "minecraft:always_true"
          },
          "output_state": {
            "Name": "minecraft:cobweb"
          },
          "input_predicate": {
            "block": "minecraft:acacia_wood",
            "probability": 0.05,
            "predicate_type": "minecraft:random_block_match"
          },
          "location_predicate": {
            "predicate_type": "minecraft:always_true"
          }
        },
        {
          "position_predicate": {
            "predicate_type": "minecraft:always_true"
          },
          "output_state": {
            "Name": "minecraft:cobweb"
          },
          "input_predicate": {
            "block": "minecraft:orange_terracotta",
            "probability": 0.05,
            "predicate_type": "minecraft:random_block_match"
          },
          "location_predicate": {
            "predicate_type": "minecraft:always_true"
          }
        },
        {
          "position_predicate": {
            "predicate_type": "minecraft:always_true"
          },
          "output_state": {
            "Name": "minecraft:cobweb"
          },
          "input_predicate": {
            "block": "minecraft:yellow_terracotta",
            "probability": 0.05,
            "predicate_type": "minecraft:random_block_match"
          },
          "location_predicate": {
            "predicate_type": "minecraft:always_true"
          }
        },
        {
          "position_predicate": {
            "predicate_type": "minecraft:always_true"
          },
          "output_state": {
            "Name": "minecraft:cobweb"
          },
          "input_predicate": {
            "block": "minecraft:red_terracotta",
            "probability": 0.05,
            "predicate_type": "minecraft:random_block_match"
          },
          "location_predicate": {
            "predicate_type": "minecraft:always_true"
          }
        },
        {
          "position_predicate": {
            "predicate_type": "minecraft:always_true"
          },
          "output_state": {
            "Name": "minecraft:cobweb"
          },
          "input_predicate": {
            "block": "minecraft:glass_pane",
            "probability": 0.5,
            "predicate_type": "minecraft:random_block_match"
          },
          "location_predicate": {
            "predicate_type": "minecraft:always_true"
          }
        },
        {
          "position_predicate": {
            "predicate_type": "minecraft:always_true"
          },
          "output_state": {
            "Properties": {
              "west": "false",
              "waterlogged": "false",
              "south": "true",
              "north": "true",
              "east": "false"
            },
            "Name": "minecraft:brown_stained_glass_pane"
          },
          "input_predicate": {
            "block_state": {
              "Properties": {
                "west": "false",
                "waterlogged": "false",
                "south": "true",
                "north": "true",
                "east": "false"
              },
              "Name": "minecraft:glass_pane"
            },
            "predicate_type": "minecraft:blockstate_match"
          },
          "location_predicate": {
            "predicate_type": "minecraft:always_true"
          }
        },
        {
          "position_predicate": {
            "predicate_type": "minecraft:always_true"
          },
          "output_state": {
            "Properties": {
              "west": "true",
              "waterlogged": "false",
              "south": "false",
              "north": "false",
              "east": "true"
            },
            "Name": "minecraft:brown_stained_glass_pane"
          },
          "input_predicate": {
            "block_state": {
              "Properties": {
                "west": "true",
                "waterlogged": "false",
                "south": "false",
                "north": "false",
                "east": "true"
              },
              "Name": "minecraft:glass_pane"
            },
            "predicate_type": "minecraft:blockstate_match"
          },
          "location_predicate": {
            "predicate_type": "minecraft:always_true"
          }
        },
        {
          "position_predicate": {
            "predicate_type": "minecraft:always_true"
          },
          "output_state": {
            "Properties": {
              "age": "0"
            },
            "Name": "minecraft:melon_stem"
          },
          "input_predicate": {
            "block": "minecraft:wheat",
            "probability": 0.1,
            "predicate_type": "minecraft:random_block_match"
          },
          "location_predicate": {
            "predicate_type": "minecraft:always_true"
          }
        }
      ],
      "processor_type": "minecraft:rule"
    }
  ]
}