{
  "display": "minecraft:sand",
  "settings": {
    "lakes": false,
    "features": true,
    "biome": "minecraft:desert",
    "structure_overrides": [
      "minecraft:mineshafts",
      "minecraft:villages",
      "minecraft:strongholds",
      "minecraft:desert_pyramids"
    ],
    "layers": [
      {
        "height": 1,
        "block": "minecraft:bedrock"
      },
      {
        "height": 3,
        "block": "minecraft:stone"
      },
      {
        "height": 52,
        "block": "minecraft:sandstone"
      },
      {
        "height": 8,
        "block": "minecraft:sand"
      }
    ]
  }
}