{
  "display": "minecraft:grass",
  "settings": {
    "lakes": true,
    "features": true,
    "biome": "minecraft:plains",
    "structure_overrides": [
      "minecraft:villages",
      "minecraft:ruined_portals",
      "minecraft:mineshafts",
      "minecraft:strongholds",
      "minecraft:pillager_outposts"
    ],
    "layers": [
      {
        "height": 1,
        "block": "minecraft:bedrock"
      },
      {
        "height": 59,
        "block": "minecraft:stone"
      },
      {
        "height": 3,
        "block": "minecraft:dirt"
      },
      {
        "height": 1,
        "block": "minecraft:grass_block"
      }
    ]
  }
}