{
  "display": "minecraft:stone",
  "settings": {
    "lakes": false,
    "features": true,
    "biome": "minecraft:windswept_hills",
    "structure_overrides": [
      "minecraft:mineshafts",
      "minecraft:strongholds"
    ],
    "layers": [
      {
        "height": 1,
        "block": "minecraft:bedrock"
      },
      {
        "height": 230,
        "block": "minecraft:stone"
      },
      {
        "height": 5,
        "block": "minecraft:dirt"
      },
      {
        "height": 1,
        "block": "minecraft:grass_block"
      }
    ]
  }
}