{
  "display": "minecraft:water_bucket",
  "settings": {
    "lakes": false,
    "features": false,
    "biome": "minecraft:deep_ocean",
    "structure_overrides": [
      "minecraft:ocean_monuments",
      "minecraft:ocean_ruins",
      "minecraft:shipwrecks"
    ],
    "layers": [
      {
        "height": 1,
        "block": "minecraft:bedrock"
      },
      {
        "height": 64,
        "block": "minecraft:deepslate"
      },
      {
        "height": 5,
        "block": "minecraft:stone"
      },
      {
        "height": 5,
        "block": "minecraft:dirt"
      },
      {
        "height": 5,
        "block": "minecraft:gravel"
      },
      {
        "height": 90,
        "block": "minecraft:water"
      }
    ]
  }
}