{
  "name": "minecraft:village/desert/terminators",
  "fallback": "minecraft:empty",
  "elements": [
    {
      "weight": 1,
      "element": {
        "location": "minecraft:village/desert/terminators/terminator_01",
        "processors": {
          "processors": []
        },
        "projection": "terrain_matching",
        "element_type": "minecraft:legacy_single_pool_element"
      }
    },
    {
      "weight": 1,
      "element": {
        "location": "minecraft:village/desert/terminators/terminator_02",
        "processors": {
          "processors": []
        },
        "projection": "terrain_matching",
        "element_type": "minecraft:legacy_single_pool_element"
      }
    }
  ]
}