{
  "name": "minecraft:bastion/mobs/hoglin",
  "fallback": "minecraft:empty",
  "elements": [
    {
      "weight": 2,
      "element": {
        "location": "minecraft:bastion/mobs/hoglin",
        "processors": {
          "processors": []
        },
        "projection": "rigid",
        "element_type": "minecraft:single_pool_element"
      }
    },
    {
      "weight": 1,
      "element": {
        "location": "minecraft:bastion/mobs/empty",
        "processors": {
          "processors": []
        },
        "projection": "rigid",
        "element_type": "minecraft:single_pool_element"
      }
    }
  ]
}