{
  "config": {},
  "biomes": "#minecraft:has_structure/nether_fortress",
  "spawn_overrides": {
    "monster": {
      "bounding_box": "piece",
      "spawns": [
        {
          "type": "minecraft:blaze",
          "weight": 10,
          "minCount": 2,
          "maxCount": 3
        },
        {
          "type": "minecraft:zombified_piglin",
          "weight": 5,
          "minCount": 4,
          "maxCount": 4
        },
        {
          "type": "minecraft:wither_skeleton",
          "weight": 8,
          "minCount": 5,
          "maxCount": 5
        },
        {
          "type": "minecraft:skeleton",
          "weight": 2,
          "minCount": 5,
          "maxCount": 5
        },
        {
          "type": "minecraft:magma_cube",
          "weight": 3,
          "minCount": 4,
          "maxCount": 4
        }
      ]
    }
  },
  "type": "minecraft:fortress"
}