{
  "config": {},
  "biomes": "#minecraft:has_structure/swamp_hut",
  "spawn_overrides": {
    "monster": {
      "bounding_box": "piece",
      "spawns": [
        {
          "type": "minecraft:witch",
          "weight": 1,
          "minCount": 1,
          "maxCount": 1
        }
      ]
    },
    "creature": {
      "bounding_box": "piece",
      "spawns": [
        {
          "type": "minecraft:cat",
          "weight": 1,
          "minCount": 1,
          "maxCount": 1
        }
      ]
    }
  },
  "type": "minecraft:swamp_hut"
}