{
  "config": {
    "horizontal_radius_factor": {
      "type": "minecraft:uniform",
      "value": {
        "base": 0.75,
        "spread": 0.25
      }
    },
    "vertical_radius_default_factor": 1.0,
    "vertical_radius_center_factor": 0.0,
    "vertical_rotation": {
      "type": "minecraft:uniform",
      "value": {
        "base": -0.125,
        "spread": 0.25
      }
    },
    "thickness": {
      "type": "minecraft:trapezoid",
      "value": {
        "min": 0.0,
        "max": 6.0,
        "plateau": 2.0
      }
    },
    "width_smoothness": 3,
    "top_inclusive": {
      "absolute": 67
    },
    "y_scale": 3,
    "distanceFactor": {
      "type": "minecraft:uniform",
      "value": {
        "base": 0.75,
        "spread": 0.25
      }
    },
    "probability": 0.02,
    "debug_settings": {
      "air_state": {
        "Properties": {
          "powered": "false",
          "facing": "north",
          "face": "wall"
        },
        "Name": "minecraft:warped_button"
      }
    },
    "bottom_inclusive": {
      "absolute": 10
    }
  },
  "type": "minecraft:canyon"
}