{
  "config": {
    "lava_level": {
      "above_bottom": 8
    },
    "debug_settings": {
      "water_state": {
        "Properties": {
          "waterlogged": "false",
          "lit": "false",
          "candles": "1"
        },
        "Name": "minecraft:candle"
      },
      "lava_state": {
        "Name": "minecraft:orange_stained_glass"
      },
      "barrier_state": {
        "Name": "minecraft:glass"
      },
      "air_state": {
        "Properties": {
          "powered": "false",
          "facing": "north",
          "face": "wall"
        },
        "Name": "minecraft:warped_button"
      }
    },
    "replaceable": "#minecraft:overworld_carver_replaceables",
    "probability": 0.01,
    "y": {
      "min_inclusive": {
        "absolute": 10
      },
      "max_inclusive": {
        "absolute": 67
      },
      "type": "minecraft:uniform"
    },
    "yScale": 3.0,
    "vertical_rotation": {
      "type": "minecraft:uniform",
      "value": {
        "min_inclusive": -0.125,
        "max_exclusive": 0.125
      }
    },
    "shape": {
      "horizontal_radius_factor": {
        "type": "minecraft:uniform",
        "value": {
          "min_inclusive": 0.75,
          "max_exclusive": 1.0
        }
      },
      "vertical_radius_default_factor": 1.0,
      "vertical_radius_center_factor": 0.0,
      "distance_factor": {
        "type": "minecraft:uniform",
        "value": {
          "min_inclusive": 0.75,
          "max_exclusive": 1.0
        }
      },
      "thickness": {
        "type": "minecraft:trapezoid",
        "value": {
          "min": 0.0,
          "max": 6.0,
          "plateau": 2.0
        }
      },
      "width_smoothness": 3
    }
  },
  "type": "minecraft:canyon"
}