{
  "config": {
    "yScale": 0.5,
    "lava_level": {
      "above_bottom": 11
    },
    "debug_settings": {
      "air_state": {
        "Properties": {
          "powered": "false",
          "facing": "north",
          "face": "wall"
        },
        "Name": "minecraft:crimson_button"
      }
    },
    "probability": 0.14285715,
    "y": {
      "min_inclusive": {
        "absolute": 0
      },
      "max_inclusive": {
        "absolute": 127
      },
      "inner": 8,
      "type": "minecraft:biased_to_bottom"
    },
    "horizontal_radius_multiplier": 1.0,
    "vertical_radius_multiplier": 1.0,
    "floor_level": -0.7
  },
  "type": "minecraft:cave"
}