{
  "config": {
    "horizontal_radius_factor": {
      "type": "minecraft:uniform",
      "value": {
        "base": 0.25,
        "spread": 0.75
      }
    },
    "vertical_radius_default_factor": 0.0,
    "vertical_radius_center_factor": 5.0,
    "vertical_rotation": {
      "type": "minecraft:uniform",
      "value": {
        "base": -0.125,
        "spread": 0.25
      }
    },
    "thickness": {
      "type": "minecraft:uniform",
      "value": {
        "base": 0.0,
        "spread": 1.0
      }
    },
    "width_smoothness": 6,
    "top_inclusive": {
      "absolute": 80
    },
    "y_scale": {
      "base": 6,
      "spread": 2
    },
    "distanceFactor": {
      "type": "minecraft:uniform",
      "value": {
        "base": 0.5,
        "spread": 0.5
      }
    },
    "probability": 0.005,
    "debug_settings": {
      "air_state": {
        "Properties": {
          "powered": "false",
          "facing": "north",
          "face": "wall"
        },
        "Name": "minecraft:oak_button"
      }
    },
    "bottom_inclusive": {
      "absolute": 40
    }
  },
  "type": "minecraft:canyon"
}