{
  "config": {
    "yScale": {
      "type": "minecraft:uniform",
      "value": {
        "min_inclusive": 6.0,
        "max_exclusive": 8.0
      }
    },
    "lava_level": {
      "above_bottom": 9
    },
    "debug_settings": {
      "air_state": {
        "Properties": {
          "powered": "false",
          "facing": "north",
          "face": "wall"
        },
        "Name": "minecraft:oak_button"
      }
    },
    "probability": 0.00125,
    "y": {
      "min_inclusive": {
        "absolute": 40
      },
      "max_inclusive": {
        "absolute": 80
      },
      "type": "minecraft:uniform"
    },
    "vertical_rotation": {
      "type": "minecraft:uniform",
      "value": {
        "min_inclusive": -0.125,
        "max_exclusive": 0.125
      }
    },
    "shape": {
      "horizontal_radius_factor": {
        "type": "minecraft:uniform",
        "value": {
          "min_inclusive": 0.25,
          "max_exclusive": 1.0
        }
      },
      "vertical_radius_default_factor": 0.0,
      "vertical_radius_center_factor": 5.0,
      "distance_factor": {
        "type": "minecraft:uniform",
        "value": {
          "min_inclusive": 0.5,
          "max_exclusive": 1.0
        }
      },
      "thickness": {
        "type": "minecraft:uniform",
        "value": {
          "min_inclusive": 0.0,
          "max_exclusive": 1.0
        }
      },
      "width_smoothness": 6
    }
  },
  "type": "minecraft:canyon"
}