{
  "argument1": {
    "argument1": 4.0,
    "argument2": {
      "argument": {
        "argument1": {
          "argument1": "minecraft:overworld/depth",
          "argument2": {
            "argument1": "minecraft:overworld/jaggedness",
            "argument2": {
              "argument": {
                "noise": "minecraft:jagged",
                "xz_scale": 1500.0,
                "y_scale": 0.0,
                "type": "minecraft:noise"
              },
              "type": "minecraft:half_negative"
            },
            "type": "minecraft:mul"
          },
          "type": "minecraft:add"
        },
        "argument2": "minecraft:overworld/factor",
        "type": "minecraft:mul"
      },
      "type": "minecraft:quarter_negative"
    },
    "type": "minecraft:mul"
  },
  "argument2": "minecraft:overworld/base_3d_noise",
  "type": "minecraft:add"
}