{
  "argument": {
    "argument": {
      "argument1": {
        "argument1": 0.0,
        "argument2": {
          "argument1": 1.0,
          "argument2": {
            "argument1": -1.0,
            "argument2": {
              "argument": {
                "type": "minecraft:blend_alpha"
              },
              "type": "minecraft:cache_once"
            },
            "type": "minecraft:mul"
          },
          "type": "minecraft:add"
        },
        "type": "minecraft:mul"
      },
      "argument2": {
        "argument1": {
          "spline": {
            "coordinate": "minecraft:overworld/continents",
            "points": [
              {
                "location": -0.11,
                "value": 0.0,
                "derivative": 0.0
              },
              {
                "location": 0.03,
                "value": {
                  "coordinate": "minecraft:overworld/erosion",
                  "points": [
                    {
                      "location": -1.0,
                      "value": {
                        "coordinate": "minecraft:overworld/ridges_folded",
                        "points": [
                          {
                            "location": 0.19999999,
                            "value": 0.0,
                            "derivative": 0.0
                          },
                          {
                            "location": 0.44999996,
                            "value": 0.0,
                            "derivative": 0.0
                          },
                          {
                            "location": 1.0,
                            "value": {
                              "coordinate": "minecraft:overworld/ridges",
                              "points": [
                                {
                                  "location": -0.01,
                                  "value": 1.26,
                                  "derivative": 0.0
                                },
                                {
                                  "location": 0.01,
                                  "value": 0.6,
                                  "derivative": 0.0
                                }
                              ]
                            },
                            "derivative": 0.0
                          }
                        ]
                      },
                      "derivative": 0.0
                    },
                    {
                      "location": -0.78,
                      "value": {
                        "coordinate": "minecraft:overworld/ridges_folded",
                        "points": [
                          {
                            "location": 0.19999999,
                            "value": 0.0,
                            "derivative": 0.0
                          },
                          {
                            "location": 0.44999996,
                            "value": 0.0,
                            "derivative": 0.0
                          },
                          {
                            "location": 1.0,
                            "value": {
                              "coordinate": "minecraft:overworld/ridges",
                              "points": [
                                {
                                  "location": -0.01,
                                  "value": 0.63,
                                  "derivative": 0.0
                                },
                                {
                                  "location": 0.01,
                                  "value": 0.3,
                                  "derivative": 0.0
                                }
                              ]
                            },
                            "derivative": 0.0
                          }
                        ]
                      },
                      "derivative": 0.0
                    },
                    {
                      "location": -0.5775,
                      "value": {
                        "coordinate": "minecraft:overworld/ridges_folded",
                        "points": [
                          {
                            "location": 0.19999999,
                            "value": 0.0,
                            "derivative": 0.0
                          },
                          {
                            "location": 0.44999996,
                            "value": 0.0,
                            "derivative": 0.0
                          },
                          {
                            "location": 1.0,
                            "value": {
                              "coordinate": "minecraft:overworld/ridges",
                              "points": [
                                {
                                  "location": -0.01,
                                  "value": 0.63,
                                  "derivative": 0.0
                                },
                                {
                                  "location": 0.01,
                                  "value": 0.3,
                                  "derivative": 0.0
                                }
                              ]
                            },
                            "derivative": 0.0
                          }
                        ]
                      },
                      "derivative": 0.0
                    },
                    {
                      "location": -0.375,
                      "value": 0.0,
                      "derivative": 0.0
                    }
                  ]
                },
                "derivative": 0.0
              },
              {
                "location": 0.65,
                "value": {
                  "coordinate": "minecraft:overworld/erosion",
                  "points": [
                    {
                      "location": -1.0,
                      "value": {
                        "coordinate": "minecraft:overworld/ridges_folded",
                        "points": [
                          {
                            "location": 0.19999999,
                            "value": 0.0,
                            "derivative": 0.0
                          },
                          {
                            "location": 0.44999996,
                            "value": {
                              "coordinate": "minecraft:overworld/ridges",
                              "points": [
                                {
                                  "location": -0.01,
                                  "value": 1.26,
                                  "derivative": 0.0
                                },
                                {
                                  "location": 0.01,
                                  "value": 0.6,
                                  "derivative": 0.0
                                }
                              ]
                            },
                            "derivative": 0.0
                          },
                          {
                            "location": 1.0,
                            "value": {
                              "coordinate": "minecraft:overworld/ridges",
                              "points": [
                                {
                                  "location": -0.01,
                                  "value": 1.26,
                                  "derivative": 0.0
                                },
                                {
                                  "location": 0.01,
                                  "value": 0.6,
                                  "derivative": 0.0
                                }
                              ]
                            },
                            "derivative": 0.0
                          }
                        ]
                      },
                      "derivative": 0.0
                    },
                    {
                      "location": -0.78,
                      "value": {
                        "coordinate": "minecraft:overworld/ridges_folded",
                        "points": [
                          {
                            "location": 0.19999999,
                            "value": 0.0,
                            "derivative": 0.0
                          },
                          {
                            "location": 0.44999996,
                            "value": 0.0,
                            "derivative": 0.0
                          },
                          {
                            "location": 1.0,
                            "value": {
                              "coordinate": "minecraft:overworld/ridges",
                              "points": [
                                {
                                  "location": -0.01,
                                  "value": 1.26,
                                  "derivative": 0.0
                                },
                                {
                                  "location": 0.01,
                                  "value": 0.6,
                                  "derivative": 0.0
                                }
                              ]
                            },
                            "derivative": 0.0
                          }
                        ]
                      },
                      "derivative": 0.0
                    },
                    {
                      "location": -0.5775,
                      "value": {
                        "coordinate": "minecraft:overworld/ridges_folded",
                        "points": [
                          {
                            "location": 0.19999999,
                            "value": 0.0,
                            "derivative": 0.0
                          },
                          {
                            "location": 0.44999996,
                            "value": 0.0,
                            "derivative": 0.0
                          },
                          {
                            "location": 1.0,
                            "value": {
                              "coordinate": "minecraft:overworld/ridges",
                              "points": [
                                {
                                  "location": -0.01,
                                  "value": 1.26,
                                  "derivative": 0.0
                                },
                                {
                                  "location": 0.01,
                                  "value": 0.6,
                                  "derivative": 0.0
                                }
                              ]
                            },
                            "derivative": 0.0
                          }
                        ]
                      },
                      "derivative": 0.0
                    },
                    {
                      "location": -0.375,
                      "value": 0.0,
                      "derivative": 0.0
                    }
                  ]
                },
                "derivative": 0.0
              }
            ]
          },
          "type": "minecraft:spline"
        },
        "argument2": {
          "argument": {
            "type": "minecraft:blend_alpha"
          },
          "type": "minecraft:cache_once"
        },
        "type": "minecraft:mul"
      },
      "type": "minecraft:add"
    },
    "type": "minecraft:cache_2d"
  },
  "type": "minecraft:flat_cache"
}