{
  "feature": "minecraft:lush_caves_clay",
  "placement": [
    {
      "count": 52,
      "type": "minecraft:count"
    },
    {
      "type": "minecraft:in_square"
    },
    {
      "height": {
        "min_inclusive": {
          "above_bottom": 0
        },
        "max_inclusive": {
          "absolute": 120
        },
        "type": "minecraft:uniform"
      },
      "type": "minecraft:height_range"
    },
    {
      "direction_of_search": "down",
      "target_condition": {
        "offset": [
          0,
          -1,
          0
        ],
        "type": "minecraft:solid"
      },
      "allowed_search_condition": {
        "blocks": [
          "minecraft:air"
        ],
        "type": "minecraft:matching_blocks"
      },
      "max_steps": 12,
      "type": "minecraft:environment_scan"
    },
    {
      "type": "minecraft:biome"
    }
  ]
}