{
  "feature": "minecraft:lush_caves_clay",
  "placement": [
    {
      "count": 52,
      "type": "minecraft:count"
    },
    {
      "type": "minecraft:in_square"
    },
    {
      "height": {
        "min_inclusive": {
          "above_bottom": 0
        },
        "max_inclusive": {
          "absolute": 256
        },
        "type": "minecraft:uniform"
      },
      "type": "minecraft:height_range"
    },
    {
      "direction_of_search": "down",
      "target_condition": {
        "type": "minecraft:solid"
      },
      "allowed_search_condition": {
        "blocks": [
          "minecraft:air"
        ],
        "type": "minecraft:matching_blocks"
      },
      "max_steps": 12,
      "type": "minecraft:environment_scan"
    },
    {
      "xz_spread": 0,
      "y_spread": 1,
      "type": "minecraft:random_offset"
    },
    {
      "type": "minecraft:biome"
    }
  ]
}