{
  "scale": 0.1,
  "effects": {
    "mood_sound": {
      "sound": "minecraft:ambient.cave",
      "tick_delay": 6000,
      "block_search_extent": 8,
      "offset": 2.0
    },
    "sky_color": 8103167,
    "fog_color": 12638463,
    "water_color": 3750089,
    "water_fog_color": 329011
  },
  "surface_builder": "minecraft:frozen_ocean",
  "carvers": {
    "air": [
      "minecraft:ocean_cave",
      "minecraft:canyon"
    ]
  },
  "features": [
    [],
    [
      "minecraft:lake_water",
      "minecraft:lake_lava"
    ],
    [
      "minecraft:iceberg_packed",
      "minecraft:iceberg_blue"
    ],
    [
      "minecraft:amethyst_geode",
      "minecraft:monster_room"
    ],
    [
      "minecraft:blue_ice"
    ],
    [],
    [
      "minecraft:ore_dirt",
      "minecraft:ore_gravel",
      "minecraft:ore_granite",
      "minecraft:ore_diorite",
      "minecraft:ore_andesite",
      "minecraft:ore_coal_upper",
      "minecraft:ore_coal_lower",
      "minecraft:ore_iron_lower",
      "minecraft:ore_iron_upper",
      "minecraft:ore_gold",
      "minecraft:ore_redstone",
      "minecraft:ore_diamond",
      "minecraft:ore_lapis",
      "minecraft:ore_lapis_buried",
      "minecraft:ore_copper",
      "minecraft:underwater_magma",
      "minecraft:disk_sand",
      "minecraft:disk_clay",
      "minecraft:disk_gravel"
    ],
    [],
    [
      "minecraft:glow_lichen",
      "minecraft:trees_water",
      "minecraft:flower_default",
      "minecraft:patch_grass_badlands",
      "minecraft:brown_mushroom_normal",
      "minecraft:red_mushroom_normal",
      "minecraft:patch_sugar_cane",
      "minecraft:patch_pumpkin",
      "minecraft:spring_water",
      "minecraft:spring_lava"
    ],
    [
      "minecraft:freeze_top_layer"
    ]
  ],
  "starts": [
    "minecraft:ocean_ruin_cold",
    "minecraft:monument",
    "minecraft:mineshaft",
    "minecraft:shipwreck",
    "minecraft:ruined_portal_ocean"
  ],
  "spawners": {
    "monster": [
      {
        "type": "minecraft:spider",
        "weight": 100,
        "minCount": 4,
        "maxCount": 4
      },
      {
        "type": "minecraft:zombie",
        "weight": 95,
        "minCount": 4,
        "maxCount": 4
      },
      {
        "type": "minecraft:zombie_villager",
        "weight": 5,
        "minCount": 1,
        "maxCount": 1
      },
      {
        "type": "minecraft:skeleton",
        "weight": 100,
        "minCount": 4,
        "maxCount": 4
      },
      {
        "type": "minecraft:creeper",
        "weight": 100,
        "minCount": 4,
        "maxCount": 4
      },
      {
        "type": "minecraft:slime",
        "weight": 100,
        "minCount": 4,
        "maxCount": 4
      },
      {
        "type": "minecraft:enderman",
        "weight": 10,
        "minCount": 1,
        "maxCount": 4
      },
      {
        "type": "minecraft:witch",
        "weight": 5,
        "minCount": 1,
        "maxCount": 1
      },
      {
        "type": "minecraft:drowned",
        "weight": 5,
        "minCount": 1,
        "maxCount": 1
      }
    ],
    "creature": [
      {
        "type": "minecraft:polar_bear",
        "weight": 1,
        "minCount": 1,
        "maxCount": 2
      }
    ],
    "ambient": [
      {
        "type": "minecraft:bat",
        "weight": 10,
        "minCount": 8,
        "maxCount": 8
      }
    ],
    "water_creature": [
      {
        "type": "minecraft:squid",
        "weight": 1,
        "minCount": 1,
        "maxCount": 4
      }
    ],
    "water_ambient": [
      {
        "type": "minecraft:salmon",
        "weight": 15,
        "minCount": 1,
        "maxCount": 5
      }
    ],
    "misc": []
  },
  "spawn_costs": {},
  "player_spawn_friendly": false,
  "precipitation": "rain",
  "temperature": 0.5,
  "temperature_modifier": "frozen",
  "downfall": 0.5,
  "category": "ocean",
  "depth": -1.8
}