{
  "starts": [
    "minecraft:ocean_ruin_warm",
    "minecraft:mineshaft",
    "minecraft:shipwreck",
    "minecraft:ruined_portal_ocean"
  ],
  "spawners": {
    "monster": [
      {
        "type": "minecraft:spider",
        "weight": 100,
        "minCount": 4,
        "maxCount": 4
      },
      {
        "type": "minecraft:zombie",
        "weight": 95,
        "minCount": 4,
        "maxCount": 4
      },
      {
        "type": "minecraft:zombie_villager",
        "weight": 5,
        "minCount": 1,
        "maxCount": 1
      },
      {
        "type": "minecraft:skeleton",
        "weight": 100,
        "minCount": 4,
        "maxCount": 4
      },
      {
        "type": "minecraft:creeper",
        "weight": 100,
        "minCount": 4,
        "maxCount": 4
      },
      {
        "type": "minecraft:slime",
        "weight": 100,
        "minCount": 4,
        "maxCount": 4
      },
      {
        "type": "minecraft:enderman",
        "weight": 10,
        "minCount": 1,
        "maxCount": 4
      },
      {
        "type": "minecraft:witch",
        "weight": 5,
        "minCount": 1,
        "maxCount": 1
      }
    ],
    "creature": [],
    "ambient": [
      {
        "type": "minecraft:bat",
        "weight": 10,
        "minCount": 8,
        "maxCount": 8
      }
    ],
    "water_creature": [
      {
        "type": "minecraft:squid",
        "weight": 10,
        "minCount": 4,
        "maxCount": 4
      },
      {
        "type": "minecraft:dolphin",
        "weight": 2,
        "minCount": 1,
        "maxCount": 2
      }
    ],
    "water_ambient": [
      {
        "type": "minecraft:pufferfish",
        "weight": 15,
        "minCount": 1,
        "maxCount": 3
      },
      {
        "type": "minecraft:tropical_fish",
        "weight": 25,
        "minCount": 8,
        "maxCount": 8
      }
    ],
    "misc": []
  },
  "spawn_costs": {},
  "sky_color": 8103167,
  "surface_builder": "minecraft:full_sand",
  "carvers": {
    "air": [
      "minecraft:ocean_cave",
      "minecraft:canyon"
    ],
    "liquid": [
      "minecraft:underwater_canyon",
      "minecraft:underwater_cave"
    ]
  },
  "features": [
    [],
    [
      "minecraft:lake_water",
      "minecraft:lake_lava"
    ],
    [],
    [
      "minecraft:monster_room"
    ],
    [],
    [],
    [
      "minecraft:ore_dirt",
      "minecraft:ore_gravel",
      "minecraft:ore_granite",
      "minecraft:ore_diorite",
      "minecraft:ore_andesite",
      "minecraft:ore_coal",
      "minecraft:ore_iron",
      "minecraft:ore_gold",
      "minecraft:ore_redstone",
      "minecraft:ore_diamond",
      "minecraft:ore_lapis",
      "minecraft:disk_sand",
      "minecraft:disk_clay",
      "minecraft:disk_gravel"
    ],
    [],
    [
      "minecraft:trees_water",
      "minecraft:flower_default",
      "minecraft:patch_grass_badlands",
      "minecraft:brown_mushroom_normal",
      "minecraft:red_mushroom_normal",
      "minecraft:patch_sugar_cane",
      "minecraft:patch_pumpkin",
      "minecraft:spring_water",
      "minecraft:spring_lava",
      "minecraft:warm_ocean_vegetation",
      "minecraft:seagrass_warm",
      "minecraft:sea_pickle"
    ],
    [
      "minecraft:freeze_top_layer"
    ]
  ],
  "scale": 0.1,
  "temperature": 0.5,
  "downfall": 0.5,
  "effects": {
    "mood_sound": {
      "sound": "minecraft:ambient.cave",
      "tick_delay": 6000,
      "block_search_extent": 8,
      "offset": 2.0
    },
    "fog_color": 12638463,
    "water_color": 4445678,
    "water_fog_color": 270131
  },
  "precipitation": "rain",
  "category": "ocean",
  "depth": -1.0
}