{
  "name": "minecraft:pillager_outpost/features",
  "fallback": "minecraft:empty",
  "elements": [
    {
      "weight": 1,
      "element": {
        "location": "minecraft:pillager_outpost/feature_cage1",
        "processors": {
          "processors": []
        },
        "projection": "rigid",
        "element_type": "minecraft:legacy_single_pool_element"
      }
    },
    {
      "weight": 1,
      "element": {
        "location": "minecraft:pillager_outpost/feature_cage2",
        "processors": {
          "processors": []
        },
        "projection": "rigid",
        "element_type": "minecraft:legacy_single_pool_element"
      }
    },
    {
      "weight": 1,
      "element": {
        "location": "minecraft:pillager_outpost/feature_logs",
        "processors": {
          "processors": []
        },
        "projection": "rigid",
        "element_type": "minecraft:legacy_single_pool_element"
      }
    },
    {
      "weight": 1,
      "element": {
        "location": "minecraft:pillager_outpost/feature_tent1",
        "processors": {
          "processors": []
        },
        "projection": "rigid",
        "element_type": "minecraft:legacy_single_pool_element"
      }
    },
    {
      "weight": 1,
      "element": {
        "location": "minecraft:pillager_outpost/feature_tent2",
        "processors": {
          "processors": []
        },
        "projection": "rigid",
        "element_type": "minecraft:legacy_single_pool_element"
      }
    },
    {
      "weight": 1,
      "element": {
        "location": "minecraft:pillager_outpost/feature_targets",
        "processors": {
          "processors": []
        },
        "projection": "rigid",
        "element_type": "minecraft:legacy_single_pool_element"
      }
    },
    {
      "weight": 6,
      "element": {
        "element_type": "minecraft:empty_pool_element"
      }
    }
  ]
}