{
  "config": {
    "feature": {
      "config": {
        "feature": "minecraft:patch_brown_mushroom",
        "decorator": {
          "config": {
            "outer": {
              "config": {},
              "name": "minecraft:square"
            },
            "inner": {
              "config": {},
              "name": "minecraft:heightmap_spread_double"
            }
          },
          "name": "minecraft:decorated"
        }
      },
      "name": "minecraft:decorated"
    },
    "decorator": {
      "config": {
        "chance": 4
      },
      "name": "minecraft:chance"
    }
  },
  "name": "minecraft:decorated"
}