{
  "config": {
    "body_provider": {
      "entries": [
        {
          "weight": 4,
          "data": {
            "Properties": {
              "berries": "false"
            },
            "Name": "minecraft:cave_vines_body"
          }
        },
        {
          "weight": 1,
          "data": {
            "Properties": {
              "berries": "true"
            },
            "Name": "minecraft:cave_vines_body"
          }
        }
      ],
      "type": "minecraft:weighted_state_provider"
    },
    "head_provider": {
      "source": {
        "entries": [
          {
            "weight": 4,
            "data": {
              "Properties": {
                "berries": "false",
                "age": "0"
              },
              "Name": "minecraft:cave_vines_head"
            }
          },
          {
            "weight": 1,
            "data": {
              "Properties": {
                "berries": "true",
                "age": "0"
              },
              "Name": "minecraft:cave_vines_head"
            }
          }
        ],
        "type": "minecraft:weighted_state_provider"
      },
      "property": "age",
      "values": {
        "base": 17,
        "spread": 8
      },
      "type": "minecraft:randomized_int_state_provider"
    },
    "allow_water": false,
    "height_distribution": [
      {
        "weight": 2,
        "data": {
          "base": 1,
          "spread": 19
        }
      },
      {
        "weight": 3,
        "data": {
          "base": 1,
          "spread": 2
        }
      },
      {
        "weight": 10,
        "data": {
          "base": 1,
          "spread": 6
        }
      }
    ],
    "direction": "down"
  },
  "type": "minecraft:growing_plant"
}