{
  "config": {
    "feature": {
      "config": {
        "feature": {
          "config": {
            "feature": {
              "config": {
                "feature": "minecraft:cave_vine",
                "decorator": {
                  "config": {
                    "surface": "ceiling",
                    "floor_to_ceiling_search_range": 12,
                    "allow_water": false
                  },
                  "type": "minecraft:cave_surface"
                }
              },
              "type": "minecraft:decorated"
            },
            "decorator": {
              "config": {
                "height": {
                  "min_inclusive": {
                    "above_bottom": 0
                  },
                  "max_inclusive": {
                    "absolute": 256
                  },
                  "type": "minecraft:uniform"
                }
              },
              "type": "minecraft:range"
            }
          },
          "type": "minecraft:decorated"
        },
        "decorator": {
          "config": {},
          "type": "minecraft:square"
        }
      },
      "type": "minecraft:decorated"
    },
    "decorator": {
      "config": {
        "count": 157
      },
      "type": "minecraft:count"
    }
  },
  "type": "minecraft:decorated"
}