{
  "config": {
    "feature": {
      "config": {
        "features": [
          {
            "feature": "minecraft:huge_red_mushroom",
            "chance": 0.025
          },
          {
            "feature": "minecraft:huge_brown_mushroom",
            "chance": 0.05
          },
          {
            "feature": "minecraft:dark_oak",
            "chance": 0.6666667
          },
          {
            "feature": "minecraft:birch",
            "chance": 0.2
          },
          {
            "feature": "minecraft:fancy_oak",
            "chance": 0.1
          }
        ],
        "default": "minecraft:oak"
      },
      "type": "minecraft:random_selector"
    },
    "decorator": {
      "config": {
        "outer": {
          "config": {},
          "type": "minecraft:dark_oak_tree"
        },
        "inner": {
          "config": {
            "outer": {
              "config": {
                "max_water_depth": 0
              },
              "type": "minecraft:water_depth_threshold"
            },
            "inner": {
              "config": {
                "heightmap": "OCEAN_FLOOR"
              },
              "type": "minecraft:heightmap"
            }
          },
          "type": "minecraft:decorated"
        }
      },
      "type": "minecraft:decorated"
    }
  },
  "type": "minecraft:decorated"
}