{
  "config": {
    "feature": {
      "config": {
        "contents": {
          "Properties": {
            "level": "0"
          },
          "Name": "minecraft:lava"
        },
        "rim": {
          "Name": "minecraft:magma_block"
        },
        "size": {
          "type": "minecraft:uniform",
          "value": {
            "min_inclusive": 3,
            "max_inclusive": 7
          }
        },
        "rim_size": {
          "type": "minecraft:uniform",
          "value": {
            "min_inclusive": 0,
            "max_inclusive": 2
          }
        }
      },
      "type": "minecraft:delta_feature"
    },
    "decorator": {
      "config": {
        "count": 40
      },
      "type": "minecraft:count_multilayer"
    }
  },
  "type": "minecraft:decorated"
}