{
  "config": {
    "half_height": 2,
    "targets": [
      {
        "Name": "minecraft:dirt"
      },
      {
        "Name": "minecraft:mud"
      }
    ],
    "can_origin_replace": [
      "minecraft:water",
      "minecraft:mud"
    ],
    "state": {
      "Properties": {
        "snowy": "false"
      },
      "Name": "minecraft:grass_block"
    },
    "radius": {
      "type": "minecraft:uniform",
      "value": {
        "min_inclusive": 2,
        "max_inclusive": 6
      }
    }
  },
  "type": "minecraft:surface_disk"
}