{
  "config": {
    "half_height": 2,
    "targets": [
      {
        "Name": "minecraft:dirt"
      },
      {
        "Properties": {
          "snowy": "false"
        },
        "Name": "minecraft:grass_block"
      }
    ],
    "can_origin_replace": "minecraft:water",
    "state": {
      "Name": "minecraft:gravel"
    },
    "radius": {
      "type": "minecraft:uniform",
      "value": {
        "min_inclusive": 2,
        "max_inclusive": 5
      }
    }
  },
  "type": "minecraft:disk"
}