{
  "config": {
    "feature": {
      "config": {
        "state": {
          "Name": "minecraft:clay"
        },
        "radius": {
          "type": "minecraft:uniform",
          "value": {
            "min_inclusive": 2,
            "max_inclusive": 3
          }
        },
        "half_height": 1,
        "targets": [
          {
            "Name": "minecraft:dirt"
          },
          {
            "Name": "minecraft:clay"
          }
        ]
      },
      "type": "minecraft:disk"
    },
    "decorator": {
      "config": {
        "outer": {
          "config": {},
          "type": "minecraft:square"
        },
        "inner": {
          "config": {
            "heightmap": "OCEAN_FLOOR_WG"
          },
          "type": "minecraft:heightmap"
        }
      },
      "type": "minecraft:decorated"
    }
  },
  "type": "minecraft:decorated"
}