{
  "config": {
    "features": [
      {
        "feature": {
          "config": {
            "to_place": {
              "state": {
                "Properties": {
                  "waterlogged": "false",
                  "half": "lower"
                },
                "Name": "minecraft:small_dripleaf"
              },
              "type": "minecraft:simple_state_provider"
            },
            "place_on": [],
            "place_in": [],
            "place_under": []
          },
          "type": "minecraft:simple_block"
        },
        "chance": 0.5
      },
      {
        "feature": {
          "config": {
            "body_provider": {
              "state": {
                "Properties": {
                  "waterlogged": "false",
                  "facing": "east"
                },
                "Name": "minecraft:big_dripleaf_stem"
              },
              "type": "minecraft:simple_state_provider"
            },
            "head_provider": {
              "state": {
                "Properties": {
                  "waterlogged": "false",
                  "tilt": "none",
                  "facing": "east"
                },
                "Name": "minecraft:big_dripleaf"
              },
              "type": "minecraft:simple_state_provider"
            },
            "allow_water": true,
            "height_distribution": [
              {
                "weight": 2,
                "data": {
                  "base": 1,
                  "spread": 4
                }
              },
              {
                "weight": 1,
                "data": 1
              }
            ],
            "direction": "up"
          },
          "type": "minecraft:growing_plant"
        },
        "chance": 0.25
      },
      {
        "feature": {
          "config": {
            "body_provider": {
              "state": {
                "Properties": {
                  "waterlogged": "false",
                  "facing": "south"
                },
                "Name": "minecraft:big_dripleaf_stem"
              },
              "type": "minecraft:simple_state_provider"
            },
            "head_provider": {
              "state": {
                "Properties": {
                  "waterlogged": "false",
                  "tilt": "none",
                  "facing": "south"
                },
                "Name": "minecraft:big_dripleaf"
              },
              "type": "minecraft:simple_state_provider"
            },
            "allow_water": true,
            "height_distribution": [
              {
                "weight": 2,
                "data": {
                  "base": 1,
                  "spread": 4
                }
              },
              {
                "weight": 1,
                "data": 1
              }
            ],
            "direction": "up"
          },
          "type": "minecraft:growing_plant"
        },
        "chance": 0.33333334
      },
      {
        "feature": {
          "config": {
            "body_provider": {
              "state": {
                "Properties": {
                  "waterlogged": "false",
                  "facing": "west"
                },
                "Name": "minecraft:big_dripleaf_stem"
              },
              "type": "minecraft:simple_state_provider"
            },
            "head_provider": {
              "state": {
                "Properties": {
                  "waterlogged": "false",
                  "tilt": "none",
                  "facing": "west"
                },
                "Name": "minecraft:big_dripleaf"
              },
              "type": "minecraft:simple_state_provider"
            },
            "allow_water": true,
            "height_distribution": [
              {
                "weight": 2,
                "data": {
                  "base": 1,
                  "spread": 4
                }
              },
              {
                "weight": 1,
                "data": 1
              }
            ],
            "direction": "up"
          },
          "type": "minecraft:growing_plant"
        },
        "chance": 0.5
      }
    ],
    "default": {
      "config": {
        "body_provider": {
          "state": {
            "Properties": {
              "waterlogged": "false",
              "facing": "north"
            },
            "Name": "minecraft:big_dripleaf_stem"
          },
          "type": "minecraft:simple_state_provider"
        },
        "head_provider": {
          "state": {
            "Properties": {
              "waterlogged": "false",
              "tilt": "none",
              "facing": "north"
            },
            "Name": "minecraft:big_dripleaf"
          },
          "type": "minecraft:simple_state_provider"
        },
        "allow_water": true,
        "height_distribution": [
          {
            "weight": 2,
            "data": {
              "base": 1,
              "spread": 4
            }
          },
          {
            "weight": 1,
            "data": 1
          }
        ],
        "direction": "up"
      },
      "type": "minecraft:growing_plant"
    }
  },
  "type": "minecraft:random_selector"
}