{
  "config": {
    "features": [
      {
        "config": {
          "to_place": {
            "entries": [
              {
                "data": {
                  "Properties": {
                    "waterlogged": "false",
                    "half": "lower",
                    "facing": "east"
                  },
                  "Name": "minecraft:small_dripleaf"
                },
                "weight": 1
              },
              {
                "data": {
                  "Properties": {
                    "waterlogged": "false",
                    "half": "lower",
                    "facing": "west"
                  },
                  "Name": "minecraft:small_dripleaf"
                },
                "weight": 1
              },
              {
                "data": {
                  "Properties": {
                    "waterlogged": "false",
                    "half": "lower",
                    "facing": "north"
                  },
                  "Name": "minecraft:small_dripleaf"
                },
                "weight": 1
              },
              {
                "data": {
                  "Properties": {
                    "waterlogged": "false",
                    "half": "lower",
                    "facing": "south"
                  },
                  "Name": "minecraft:small_dripleaf"
                },
                "weight": 1
              }
            ],
            "type": "minecraft:weighted_state_provider"
          }
        },
        "type": "minecraft:simple_block"
      },
      {
        "config": {
          "layers": [
            {
              "height": {
                "distribution": [
                  {
                    "data": {
                      "type": "minecraft:uniform",
                      "value": {
                        "min_inclusive": 0,
                        "max_inclusive": 4
                      }
                    },
                    "weight": 2
                  },
                  {
                    "data": 0,
                    "weight": 1
                  }
                ],
                "type": "minecraft:weighted_list"
              },
              "provider": {
                "state": {
                  "Properties": {
                    "waterlogged": "false",
                    "facing": "east"
                  },
                  "Name": "minecraft:big_dripleaf_stem"
                },
                "type": "minecraft:simple_state_provider"
              }
            },
            {
              "height": 1,
              "provider": {
                "state": {
                  "Properties": {
                    "waterlogged": "false",
                    "tilt": "none",
                    "facing": "east"
                  },
                  "Name": "minecraft:big_dripleaf"
                },
                "type": "minecraft:simple_state_provider"
              }
            }
          ],
          "direction": "up",
          "allow_water": true,
          "prioritize_tip": true
        },
        "type": "minecraft:block_column"
      },
      {
        "config": {
          "layers": [
            {
              "height": {
                "distribution": [
                  {
                    "data": {
                      "type": "minecraft:uniform",
                      "value": {
                        "min_inclusive": 0,
                        "max_inclusive": 4
                      }
                    },
                    "weight": 2
                  },
                  {
                    "data": 0,
                    "weight": 1
                  }
                ],
                "type": "minecraft:weighted_list"
              },
              "provider": {
                "state": {
                  "Properties": {
                    "waterlogged": "false",
                    "facing": "west"
                  },
                  "Name": "minecraft:big_dripleaf_stem"
                },
                "type": "minecraft:simple_state_provider"
              }
            },
            {
              "height": 1,
              "provider": {
                "state": {
                  "Properties": {
                    "waterlogged": "false",
                    "tilt": "none",
                    "facing": "west"
                  },
                  "Name": "minecraft:big_dripleaf"
                },
                "type": "minecraft:simple_state_provider"
              }
            }
          ],
          "direction": "up",
          "allow_water": true,
          "prioritize_tip": true
        },
        "type": "minecraft:block_column"
      },
      {
        "config": {
          "layers": [
            {
              "height": {
                "distribution": [
                  {
                    "data": {
                      "type": "minecraft:uniform",
                      "value": {
                        "min_inclusive": 0,
                        "max_inclusive": 4
                      }
                    },
                    "weight": 2
                  },
                  {
                    "data": 0,
                    "weight": 1
                  }
                ],
                "type": "minecraft:weighted_list"
              },
              "provider": {
                "state": {
                  "Properties": {
                    "waterlogged": "false",
                    "facing": "south"
                  },
                  "Name": "minecraft:big_dripleaf_stem"
                },
                "type": "minecraft:simple_state_provider"
              }
            },
            {
              "height": 1,
              "provider": {
                "state": {
                  "Properties": {
                    "waterlogged": "false",
                    "tilt": "none",
                    "facing": "south"
                  },
                  "Name": "minecraft:big_dripleaf"
                },
                "type": "minecraft:simple_state_provider"
              }
            }
          ],
          "direction": "up",
          "allow_water": true,
          "prioritize_tip": true
        },
        "type": "minecraft:block_column"
      },
      {
        "config": {
          "layers": [
            {
              "height": {
                "distribution": [
                  {
                    "data": {
                      "type": "minecraft:uniform",
                      "value": {
                        "min_inclusive": 0,
                        "max_inclusive": 4
                      }
                    },
                    "weight": 2
                  },
                  {
                    "data": 0,
                    "weight": 1
                  }
                ],
                "type": "minecraft:weighted_list"
              },
              "provider": {
                "state": {
                  "Properties": {
                    "waterlogged": "false",
                    "facing": "north"
                  },
                  "Name": "minecraft:big_dripleaf_stem"
                },
                "type": "minecraft:simple_state_provider"
              }
            },
            {
              "height": 1,
              "provider": {
                "state": {
                  "Properties": {
                    "waterlogged": "false",
                    "tilt": "none",
                    "facing": "north"
                  },
                  "Name": "minecraft:big_dripleaf"
                },
                "type": "minecraft:simple_state_provider"
              }
            }
          ],
          "direction": "up",
          "allow_water": true,
          "prioritize_tip": true
        },
        "type": "minecraft:block_column"
      }
    ]
  },
  "type": "minecraft:simple_random_selector"
}