{
  "config": {
    "feature": {
      "config": {
        "feature": {
          "config": {
            "feature": {
              "config": {
                "can_replace": false,
                "project": true,
                "need_water": false,
                "xspread": 7,
                "yspread": 3,
                "zspread": 7,
                "whitelist": [],
                "blacklist": [],
                "tries": 64,
                "state_provider": {
                  "seed": 2345,
                  "noise": {
                    "firstOctave": -3,
                    "amplitudes": [
                      1.0
                    ]
                  },
                  "scale": 1.0,
                  "states": [
                    {
                      "Properties": {
                        "half": "lower"
                      },
                      "Name": "minecraft:tall_grass"
                    },
                    {
                      "Name": "minecraft:allium"
                    },
                    {
                      "Name": "minecraft:poppy"
                    },
                    {
                      "Name": "minecraft:azure_bluet"
                    },
                    {
                      "Name": "minecraft:dandelion"
                    },
                    {
                      "Name": "minecraft:cornflower"
                    },
                    {
                      "Name": "minecraft:oxeye_daisy"
                    },
                    {
                      "Name": "minecraft:grass"
                    }
                  ],
                  "variety": [
                    1,
                    3
                  ],
                  "slow_noise": {
                    "firstOctave": -10,
                    "amplitudes": [
                      1.0
                    ]
                  },
                  "slow_scale": 1.0,
                  "type": "minecraft:dual_noise_provider"
                },
                "block_placer": {
                  "type": "minecraft:simple_block_placer"
                }
              },
              "type": "minecraft:flower"
            },
            "decorator": {
              "config": {},
              "type": "minecraft:spread_32_above"
            }
          },
          "type": "minecraft:decorated"
        },
        "decorator": {
          "config": {
            "outer": {
              "config": {},
              "type": "minecraft:square"
            },
            "inner": {
              "config": {
                "heightmap": "MOTION_BLOCKING"
              },
              "type": "minecraft:heightmap"
            }
          },
          "type": "minecraft:decorated"
        }
      },
      "type": "minecraft:decorated"
    },
    "decorator": {
      "config": {
        "count": 64
      },
      "type": "minecraft:count"
    }
  },
  "type": "minecraft:decorated"
}