{
  "config": {
    "feature": {
      "config": {
        "feature": {
          "config": {
            "feature": {
              "config": {
                "features": [
                  {
                    "config": {
                      "allowed_on": [],
                      "disallowed_on": [],
                      "only_in_air": false,
                      "feature": {
                        "config": {
                          "feature": {
                            "config": {
                              "to_place": {
                                "state": {
                                  "Properties": {
                                    "half": "lower"
                                  },
                                  "Name": "minecraft:lilac"
                                },
                                "type": "minecraft:simple_state_provider"
                              }
                            },
                            "type": "minecraft:simple_block"
                          },
                          "decorator": {
                            "config": {
                              "predicate": {
                                "blocks": [
                                  "minecraft:air"
                                ],
                                "offset": [
                                  0,
                                  0,
                                  0
                                ],
                                "type": "minecraft:matching_blocks"
                              }
                            },
                            "type": "minecraft:block_filter"
                          }
                        },
                        "type": "minecraft:decorated"
                      },
                      "tries": 96,
                      "xz_spread": 7,
                      "y_spread": 3
                    },
                    "type": "minecraft:random_patch"
                  },
                  {
                    "config": {
                      "allowed_on": [],
                      "disallowed_on": [],
                      "only_in_air": false,
                      "feature": {
                        "config": {
                          "feature": {
                            "config": {
                              "to_place": {
                                "state": {
                                  "Properties": {
                                    "half": "lower"
                                  },
                                  "Name": "minecraft:rose_bush"
                                },
                                "type": "minecraft:simple_state_provider"
                              }
                            },
                            "type": "minecraft:simple_block"
                          },
                          "decorator": {
                            "config": {
                              "predicate": {
                                "blocks": [
                                  "minecraft:air"
                                ],
                                "offset": [
                                  0,
                                  0,
                                  0
                                ],
                                "type": "minecraft:matching_blocks"
                              }
                            },
                            "type": "minecraft:block_filter"
                          }
                        },
                        "type": "minecraft:decorated"
                      },
                      "tries": 96,
                      "xz_spread": 7,
                      "y_spread": 3
                    },
                    "type": "minecraft:random_patch"
                  },
                  {
                    "config": {
                      "allowed_on": [],
                      "disallowed_on": [],
                      "only_in_air": false,
                      "feature": {
                        "config": {
                          "feature": {
                            "config": {
                              "to_place": {
                                "state": {
                                  "Properties": {
                                    "half": "lower"
                                  },
                                  "Name": "minecraft:peony"
                                },
                                "type": "minecraft:simple_state_provider"
                              }
                            },
                            "type": "minecraft:simple_block"
                          },
                          "decorator": {
                            "config": {
                              "predicate": {
                                "blocks": [
                                  "minecraft:air"
                                ],
                                "offset": [
                                  0,
                                  0,
                                  0
                                ],
                                "type": "minecraft:matching_blocks"
                              }
                            },
                            "type": "minecraft:block_filter"
                          }
                        },
                        "type": "minecraft:decorated"
                      },
                      "tries": 96,
                      "xz_spread": 7,
                      "y_spread": 3
                    },
                    "type": "minecraft:random_patch"
                  },
                  {
                    "config": {
                      "allowed_on": [],
                      "disallowed_on": [],
                      "only_in_air": false,
                      "feature": {
                        "config": {
                          "feature": {
                            "config": {
                              "to_place": {
                                "state": {
                                  "Name": "minecraft:lily_of_the_valley"
                                },
                                "type": "minecraft:simple_state_provider"
                              }
                            },
                            "type": "minecraft:simple_block"
                          },
                          "decorator": {
                            "config": {
                              "predicate": {
                                "blocks": [
                                  "minecraft:air"
                                ],
                                "offset": [
                                  0,
                                  0,
                                  0
                                ],
                                "type": "minecraft:matching_blocks"
                              }
                            },
                            "type": "minecraft:block_filter"
                          }
                        },
                        "type": "minecraft:decorated"
                      },
                      "tries": 96,
                      "xz_spread": 7,
                      "y_spread": 3
                    },
                    "type": "minecraft:no_bonemeal_flower"
                  }
                ]
              },
              "type": "minecraft:simple_random_selector"
            },
            "decorator": {
              "config": {
                "count": {
                  "type": "minecraft:clamped",
                  "value": {
                    "source": {
                      "type": "minecraft:uniform",
                      "value": {
                        "min_inclusive": -1,
                        "max_inclusive": 3
                      }
                    },
                    "min_inclusive": 0,
                    "max_inclusive": 3
                  }
                }
              },
              "type": "minecraft:count"
            }
          },
          "type": "minecraft:decorated"
        },
        "decorator": {
          "config": {
            "outer": {
              "config": {},
              "type": "minecraft:square"
            },
            "inner": {
              "config": {
                "heightmap": "MOTION_BLOCKING"
              },
              "type": "minecraft:heightmap"
            }
          },
          "type": "minecraft:decorated"
        }
      },
      "type": "minecraft:decorated"
    },
    "decorator": {
      "config": {
        "chance": 7
      },
      "type": "minecraft:chance"
    }
  },
  "type": "minecraft:decorated"
}