{
  "config": {
    "feature": {
      "config": {
        "feature": {
          "config": {
            "state": {
              "Name": "minecraft:mossy_cobblestone"
            }
          },
          "name": "minecraft:forest_rock"
        },
        "decorator": {
          "config": {
            "outer": {
              "config": {},
              "name": "minecraft:square"
            },
            "inner": {
              "config": {},
              "name": "minecraft:heightmap"
            }
          },
          "name": "minecraft:decorated"
        }
      },
      "name": "minecraft:decorated"
    },
    "decorator": {
      "config": {
        "count": {
          "base": 0,
          "spread": 2
        }
      },
      "name": "minecraft:count"
    }
  },
  "name": "minecraft:decorated"
}