{
  "config": {
    "feature": {
      "config": {
        "feature": {
          "config": {
            "feature": {
              "config": {
                "feature": {
                  "config": {
                    "can_place_on_wall": true,
                    "chance_of_spreading": 0.5,
                    "can_be_placed_on": [
                      {
                        "Name": "minecraft:stone"
                      },
                      {
                        "Name": "minecraft:andesite"
                      },
                      {
                        "Name": "minecraft:diorite"
                      },
                      {
                        "Name": "minecraft:granite"
                      },
                      {
                        "Name": "minecraft:dripstone_block"
                      },
                      {
                        "Name": "minecraft:calcite"
                      },
                      {
                        "Name": "minecraft:tuff"
                      },
                      {
                        "Properties": {
                          "axis": "y"
                        },
                        "Name": "minecraft:deepslate"
                      }
                    ],
                    "search_range": 20,
                    "can_place_on_floor": false,
                    "can_place_on_ceiling": true
                  },
                  "type": "minecraft:glow_lichen"
                },
                "decorator": {
                  "config": {
                    "heightmap": "OCEAN_FLOOR_WG",
                    "max_inclusive": -13
                  },
                  "type": "minecraft:surface_relative_threshold"
                }
              },
              "type": "minecraft:decorated"
            },
            "decorator": {
              "config": {},
              "type": "minecraft:square"
            }
          },
          "type": "minecraft:decorated"
        },
        "decorator": {
          "config": {
            "height": {
              "min_inclusive": {
                "above_bottom": 0
              },
              "max_inclusive": {
                "absolute": 120
              },
              "type": "minecraft:uniform"
            }
          },
          "type": "minecraft:range"
        }
      },
      "type": "minecraft:decorated"
    },
    "decorator": {
      "config": {
        "count": {
          "type": "minecraft:uniform",
          "value": {
            "min_inclusive": 60,
            "max_inclusive": 90
          }
        }
      },
      "type": "minecraft:count"
    }
  },
  "type": "minecraft:decorated"
}