{
  "config": {
    "can_place_on_wall": true,
    "chance_of_spreading": 0.5,
    "can_be_placed_on": [
      {
        "Name": "minecraft:stone"
      },
      {
        "Name": "minecraft:andesite"
      },
      {
        "Name": "minecraft:diorite"
      },
      {
        "Name": "minecraft:granite"
      },
      {
        "Name": "minecraft:dripstone_block"
      },
      {
        "Name": "minecraft:calcite"
      },
      {
        "Name": "minecraft:tuff"
      },
      {
        "Properties": {
          "axis": "y"
        },
        "Name": "minecraft:deepslate"
      }
    ],
    "search_range": 20,
    "can_place_on_floor": false,
    "can_place_on_ceiling": true
  },
  "type": "minecraft:glow_lichen"
}