{
  "config": {
    "feature": {
      "config": {
        "feature": {
          "config": {
            "state": {
              "Name": "minecraft:packed_ice"
            },
            "radius": {
              "type": "minecraft:uniform",
              "value": {
                "min_inclusive": 2,
                "max_inclusive": 3
              }
            },
            "half_height": 1,
            "targets": [
              {
                "Name": "minecraft:dirt"
              },
              {
                "Properties": {
                  "snowy": "false"
                },
                "Name": "minecraft:grass_block"
              },
              {
                "Properties": {
                  "snowy": "false"
                },
                "Name": "minecraft:podzol"
              },
              {
                "Name": "minecraft:coarse_dirt"
              },
              {
                "Properties": {
                  "snowy": "false"
                },
                "Name": "minecraft:mycelium"
              },
              {
                "Name": "minecraft:snow_block"
              },
              {
                "Name": "minecraft:ice"
              }
            ]
          },
          "type": "minecraft:ice_patch"
        },
        "decorator": {
          "config": {
            "outer": {
              "config": {},
              "type": "minecraft:square"
            },
            "inner": {
              "config": {
                "heightmap": "MOTION_BLOCKING"
              },
              "type": "minecraft:heightmap"
            }
          },
          "type": "minecraft:decorated"
        }
      },
      "type": "minecraft:decorated"
    },
    "decorator": {
      "config": {
        "count": 2
      },
      "type": "minecraft:count"
    }
  },
  "type": "minecraft:decorated"
}