{
  "config": {
    "feature": {
      "config": {
        "feature": {
          "config": {
            "feature": {
              "config": {},
              "name": "minecraft:kelp"
            },
            "decorator": {
              "config": {},
              "name": "minecraft:top_solid_heightmap"
            }
          },
          "name": "minecraft:decorated"
        },
        "decorator": {
          "config": {},
          "name": "minecraft:square"
        }
      },
      "name": "minecraft:decorated"
    },
    "decorator": {
      "config": {
        "noise_to_count_ratio": 80,
        "noise_factor": 80.0,
        "noise_offset": 0.0
      },
      "name": "minecraft:count_noise_biased"
    }
  },
  "name": "minecraft:decorated"
}