{
  "config": {
    "feature": {
      "config": {
        "feature": {
          "config": {
            "feature": {
              "config": {
                "state": {
                  "Properties": {
                    "level": "0"
                  },
                  "Name": "minecraft:water"
                }
              },
              "type": "minecraft:lake"
            },
            "decorator": {
              "config": {
                "bottom_inclusive": {
                  "above_bottom": 0
                },
                "top_inclusive": {
                  "below_top": 0
                }
              },
              "type": "minecraft:range"
            }
          },
          "type": "minecraft:decorated"
        },
        "decorator": {
          "config": {},
          "type": "minecraft:square"
        }
      },
      "type": "minecraft:decorated"
    },
    "decorator": {
      "config": {
        "chance": 4
      },
      "type": "minecraft:chance"
    }
  },
  "type": "minecraft:decorated"
}