{
  "config": {
    "feature": {
      "config": {
        "feature": {
          "config": {
            "feature": {
              "config": {
                "wind_speed": {
                  "base": 0.0,
                  "spread": 0.3
                },
                "min_radius_for_wind": 4,
                "min_bluntness_for_wind": 0.6,
                "stalactite_bluntness": {
                  "base": 0.3,
                  "spread": 0.6
                },
                "stalagmite_bluntness": {
                  "base": 0.4,
                  "spread": 0.6
                },
                "floor_to_ceiling_search_range": 30,
                "column_radius": {
                  "base": 3,
                  "spread": 16
                },
                "height_scale": {
                  "base": 0.4,
                  "spread": 1.6
                },
                "max_column_radius_to_cave_height_ratio": 0.33
              },
              "type": "minecraft:large_dripstone"
            },
            "decorator": {
              "config": {
                "bottom_offset": 0,
                "top_offset": 0,
                "maximum": 60
              },
              "type": "minecraft:range"
            }
          },
          "type": "minecraft:decorated"
        },
        "decorator": {
          "config": {},
          "type": "minecraft:square"
        }
      },
      "type": "minecraft:decorated"
    },
    "decorator": {
      "config": {
        "count": {
          "base": 1,
          "spread": 4
        }
      },
      "type": "minecraft:count"
    }
  },
  "type": "minecraft:decorated"
}