{
  "config": {
    "feature": {
      "config": {
        "feature": {
          "config": {
            "feature": {
              "config": {
                "feature": {
                  "config": {
                    "feature_true": "minecraft:clay_with_dripleaves",
                    "feature_false": "minecraft:clay_pool_with_dripleaves"
                  },
                  "type": "minecraft:random_boolean_selector"
                },
                "decorator": {
                  "config": {
                    "surface": "floor",
                    "floor_to_ceiling_search_range": 12
                  },
                  "type": "minecraft:cave_surface"
                }
              },
              "type": "minecraft:decorated"
            },
            "decorator": {
              "config": {
                "height": {
                  "min_inclusive": {
                    "above_bottom": 0
                  },
                  "max_inclusive": {
                    "absolute": 120
                  },
                  "type": "minecraft:uniform"
                }
              },
              "type": "minecraft:range"
            }
          },
          "type": "minecraft:decorated"
        },
        "decorator": {
          "config": {},
          "type": "minecraft:square"
        }
      },
      "type": "minecraft:decorated"
    },
    "decorator": {
      "config": {
        "count": 30
      },
      "type": "minecraft:count"
    }
  },
  "type": "minecraft:decorated"
}