{
  "config": {
    "feature": {
      "config": {
        "feature": {
          "config": {
            "feature": {
              "config": {},
              "type": "minecraft:monster_room"
            },
            "decorator": {
              "config": {
                "height": {
                  "min_inclusive": {
                    "above_bottom": 6
                  },
                  "max_inclusive": {
                    "absolute": -1
                  },
                  "type": "minecraft:uniform"
                }
              },
              "type": "minecraft:range"
            }
          },
          "type": "minecraft:decorated"
        },
        "decorator": {
          "config": {},
          "type": "minecraft:square"
        }
      },
      "type": "minecraft:decorated"
    },
    "decorator": {
      "config": {
        "count": 4
      },
      "type": "minecraft:count"
    }
  },
  "type": "minecraft:decorated"
}