{
  "config": {
    "vegetation_chance": 0.08,
    "xz_radius": {
      "base": 4,
      "spread": 3
    },
    "extra_edge_column_chance": 0.3,
    "extra_bottom_block_chance": 0.0,
    "vertical_range": 5,
    "vegetation_feature": "minecraft:cave_vine_in_moss",
    "surface": "ceiling",
    "depth": {
      "base": 1,
      "spread": 1
    },
    "replaceable": "minecraft:lush_plants_replaceable",
    "ground_state": {
      "state": {
        "Name": "minecraft:moss_block"
      },
      "type": "minecraft:simple_state_provider"
    }
  },
  "type": "minecraft:vegetation_patch"
}