{
  "config": {
    "vegetation_chance": 0.08,
    "xz_radius": {
      "type": "minecraft:uniform",
      "value": {
        "min_inclusive": 4,
        "max_inclusive": 7
      }
    },
    "extra_edge_column_chance": 0.3,
    "extra_bottom_block_chance": 0.0,
    "vertical_range": 5,
    "vegetation_feature": "minecraft:cave_vine_in_moss",
    "surface": "ceiling",
    "depth": {
      "type": "minecraft:uniform",
      "value": {
        "min_inclusive": 1,
        "max_inclusive": 2
      }
    },
    "replaceable": "minecraft:moss_replaceable",
    "ground_state": {
      "state": {
        "Name": "minecraft:moss_block"
      },
      "type": "minecraft:simple_state_provider"
    }
  },
  "type": "minecraft:vegetation_patch"
}