{
  "config": {
    "feature": {
      "config": {
        "feature_true": "minecraft:huge_red_mushroom",
        "feature_false": "minecraft:huge_brown_mushroom"
      },
      "name": "minecraft:random_boolean_selector"
    },
    "decorator": {
      "config": {
        "outer": {
          "config": {},
          "name": "minecraft:square"
        },
        "inner": {
          "config": {},
          "name": "minecraft:heightmap"
        }
      },
      "name": "minecraft:decorated"
    }
  },
  "name": "minecraft:decorated"
}