{
  "config": {
    "decorators": [
      {
        "probability": 0.02,
        "type": "minecraft:beehive"
      }
    ],
    "ignore_vines": true,
    "force_dirt": false,
    "dirt_provider": {
      "state": {
        "Name": "minecraft:dirt"
      },
      "type": "minecraft:simple_state_provider"
    },
    "minimum_size": {
      "limit": 1,
      "lower_size": 0,
      "upper_size": 1,
      "type": "minecraft:two_layers_feature_size"
    },
    "trunk_provider": {
      "state": {
        "Properties": {
          "axis": "y"
        },
        "Name": "minecraft:oak_log"
      },
      "type": "minecraft:simple_state_provider"
    },
    "trunk_placer": {
      "base_height": 4,
      "height_rand_a": 2,
      "height_rand_b": 0,
      "type": "minecraft:straight_trunk_placer"
    },
    "foliage_provider": {
      "state": {
        "Properties": {
          "waterlogged": "false",
          "persistent": "false",
          "distance": "7"
        },
        "Name": "minecraft:oak_leaves"
      },
      "type": "minecraft:simple_state_provider"
    },
    "foliage_placer": {
      "radius": 2,
      "offset": 0,
      "height": 3,
      "type": "minecraft:blob_foliage_placer"
    }
  },
  "type": "minecraft:tree"
}