{
  "config": {
    "feature": {
      "config": {
        "feature": "minecraft:oak",
        "decorator": {
          "config": {
            "outer": {
              "config": {},
              "type": "minecraft:square"
            },
            "inner": {
              "config": {},
              "type": "minecraft:heightmap"
            }
          },
          "type": "minecraft:decorated"
        }
      },
      "type": "minecraft:decorated"
    },
    "decorator": {
      "config": {
        "count": 5,
        "extra_chance": 0.1,
        "extra_count": 1
      },
      "type": "minecraft:count_extra"
    }
  },
  "type": "minecraft:decorated"
}