{
  "config": {
    "feature": {
      "config": {
        "feature": {
          "config": {
            "feature": {
              "config": {
                "target": {
                  "tag": "minecraft:base_stone_overworld",
                  "predicate_type": "minecraft:tag_match"
                },
                "state": {
                  "Name": "minecraft:coal_ore"
                },
                "size": 17
              },
              "type": "minecraft:ore"
            },
            "decorator": {
              "config": {
                "baseline": {
                  "absolute": 96
                },
                "spread": 96
              },
              "type": "minecraft:depth_average"
            }
          },
          "type": "minecraft:decorated"
        },
        "decorator": {
          "config": {},
          "type": "minecraft:square"
        }
      },
      "type": "minecraft:decorated"
    },
    "decorator": {
      "config": {
        "count": 20
      },
      "type": "minecraft:count"
    }
  },
  "type": "minecraft:decorated"
}