{
  "config": {
    "feature": {
      "config": {
        "feature": {
          "config": {
            "feature": {
              "config": {
                "target": {
                  "block": "minecraft:netherrack",
                  "predicate_type": "minecraft:block_match"
                },
                "state": {
                  "Name": "minecraft:nether_gold_ore"
                },
                "size": 10
              },
              "type": "minecraft:ore"
            },
            "decorator": {
              "config": {
                "bottom_offset": 10,
                "top_offset": 20,
                "maximum": 128
              },
              "type": "minecraft:range"
            }
          },
          "type": "minecraft:decorated"
        },
        "decorator": {
          "config": {},
          "type": "minecraft:square"
        }
      },
      "type": "minecraft:decorated"
    },
    "decorator": {
      "config": {
        "count": 20
      },
      "type": "minecraft:count"
    }
  },
  "type": "minecraft:decorated"
}