{
  "config": {
    "feature": {
      "config": {
        "feature": {
          "config": {
            "feature": {
              "config": {
                "targets": [
                  {
                    "target": {
                      "tag": "minecraft:stone_ore_replaceables",
                      "predicate_type": "minecraft:tag_match"
                    },
                    "state": {
                      "Properties": {
                        "lit": "false"
                      },
                      "Name": "minecraft:redstone_ore"
                    }
                  },
                  {
                    "target": {
                      "tag": "minecraft:deepslate_ore_replaceables",
                      "predicate_type": "minecraft:tag_match"
                    },
                    "state": {
                      "Properties": {
                        "lit": "false"
                      },
                      "Name": "minecraft:deepslate_redstone_ore"
                    }
                  }
                ],
                "size": 8,
                "discard_chance_on_air_exposure": 0.0
              },
              "type": "minecraft:ore"
            },
            "decorator": {
              "config": {
                "baseline": {
                  "above_bottom": 0
                },
                "spread": 32
              },
              "type": "minecraft:depth_average"
            }
          },
          "type": "minecraft:decorated"
        },
        "decorator": {
          "config": {},
          "type": "minecraft:square"
        }
      },
      "type": "minecraft:decorated"
    },
    "decorator": {
      "config": {
        "count": 8
      },
      "type": "minecraft:count"
    }
  },
  "type": "minecraft:decorated"
}