{
  "config": {
    "tries": 32,
    "xz_spread": 7,
    "y_spread": 3,
    "feature": {
      "config": {
        "feature": {
          "config": {
            "to_place": {
              "entries": [
                {
                  "data": {
                    "Name": "minecraft:grass"
                  },
                  "weight": 1
                },
                {
                  "data": {
                    "Name": "minecraft:fern"
                  },
                  "weight": 4
                }
              ],
              "type": "minecraft:weighted_state_provider"
            }
          },
          "type": "minecraft:simple_block"
        },
        "decorator": {
          "config": {
            "predicate": {
              "blocks": [
                "minecraft:air"
              ],
              "type": "minecraft:matching_blocks"
            }
          },
          "type": "minecraft:block_filter"
        }
      },
      "type": "minecraft:decorated"
    }
  },
  "type": "minecraft:random_patch"
}