{
  "config": {
    "feature": {
      "config": {
        "feature": "minecraft:patch_cactus",
        "decorator": {
          "config": {
            "outer": {
              "config": {},
              "type": "minecraft:square"
            },
            "inner": {
              "config": {
                "heightmap": "MOTION_BLOCKING"
              },
              "type": "minecraft:heightmap"
            }
          },
          "type": "minecraft:decorated"
        }
      },
      "type": "minecraft:decorated"
    },
    "decorator": {
      "config": {
        "chance": 6
      },
      "type": "minecraft:chance"
    }
  },
  "type": "minecraft:decorated"
}