{
  "config": {
    "feature": {
      "config": {
        "feature": {
          "config": {
            "feature": {
              "config": {
                "tries": 32,
                "xz_spread": 7,
                "y_spread": 3,
                "feature": {
                  "config": {
                    "feature": {
                      "config": {
                        "to_place": {
                          "state": {
                            "Name": "minecraft:grass"
                          },
                          "type": "minecraft:simple_state_provider"
                        }
                      },
                      "type": "minecraft:simple_block"
                    },
                    "decorator": {
                      "config": {
                        "predicate": {
                          "blocks": [
                            "minecraft:air"
                          ],
                          "type": "minecraft:matching_blocks"
                        }
                      },
                      "type": "minecraft:block_filter"
                    }
                  },
                  "type": "minecraft:decorated"
                }
              },
              "type": "minecraft:random_patch"
            },
            "decorator": {
              "config": {
                "heightmap": "WORLD_SURFACE_WG"
              },
              "type": "minecraft:heightmap"
            }
          },
          "type": "minecraft:decorated"
        },
        "decorator": {
          "config": {},
          "type": "minecraft:square"
        }
      },
      "type": "minecraft:decorated"
    },
    "decorator": {
      "config": {
        "count": 20
      },
      "type": "minecraft:count"
    }
  },
  "type": "minecraft:decorated"
}