{
  "config": {
    "feature": {
      "config": {
        "allowed_on": [
          "minecraft:soul_soil"
        ],
        "disallowed_on": [],
        "only_in_air": false,
        "feature": {
          "config": {
            "feature": {
              "config": {
                "to_place": {
                  "state": {
                    "Name": "minecraft:soul_fire"
                  },
                  "type": "minecraft:simple_state_provider"
                }
              },
              "type": "minecraft:simple_block"
            },
            "decorator": {
              "config": {
                "predicate": {
                  "blocks": [
                    "minecraft:air"
                  ],
                  "offset": [
                    0,
                    0,
                    0
                  ],
                  "type": "minecraft:matching_blocks"
                }
              },
              "type": "minecraft:block_filter"
            }
          },
          "type": "minecraft:decorated"
        },
        "tries": 96,
        "xz_spread": 7,
        "y_spread": 3
      },
      "type": "minecraft:random_patch"
    },
    "decorator": {
      "config": {
        "outer": {
          "config": {
            "count": {
              "type": "minecraft:uniform",
              "value": {
                "min_inclusive": 0,
                "max_inclusive": 5
              }
            }
          },
          "type": "minecraft:count"
        },
        "inner": {
          "config": {
            "outer": {
              "config": {},
              "type": "minecraft:square"
            },
            "inner": {
              "config": {
                "height": {
                  "min_inclusive": {
                    "above_bottom": 4
                  },
                  "max_inclusive": {
                    "below_top": 4
                  },
                  "type": "minecraft:uniform"
                }
              },
              "type": "minecraft:range"
            }
          },
          "type": "minecraft:decorated"
        }
      },
      "type": "minecraft:decorated"
    }
  },
  "type": "minecraft:decorated"
}