{
  "config": {
    "tries": 10,
    "xz_spread": 7,
    "y_spread": 3,
    "feature": {
      "config": {
        "feature": {
          "config": {
            "feature": {
              "config": {
                "layers": [
                  {
                    "height": {
                      "type": "minecraft:biased_to_bottom",
                      "value": {
                        "min_inclusive": 1,
                        "max_inclusive": 3
                      }
                    },
                    "provider": {
                      "state": {
                        "Properties": {
                          "age": "0"
                        },
                        "Name": "minecraft:cactus"
                      },
                      "type": "minecraft:simple_state_provider"
                    }
                  }
                ],
                "direction": "up",
                "allowed_placement": {
                  "blocks": [
                    "minecraft:air"
                  ],
                  "type": "minecraft:matching_blocks"
                },
                "prioritize_tip": false
              },
              "type": "minecraft:block_column"
            },
            "decorator": {
              "config": {
                "predicate": {
                  "state": {
                    "Properties": {
                      "age": "0"
                    },
                    "Name": "minecraft:cactus"
                  },
                  "type": "minecraft:would_survive"
                }
              },
              "type": "minecraft:block_filter"
            }
          },
          "type": "minecraft:decorated"
        },
        "decorator": {
          "config": {
            "predicate": {
              "blocks": [
                "minecraft:air"
              ],
              "type": "minecraft:matching_blocks"
            }
          },
          "type": "minecraft:block_filter"
        }
      },
      "type": "minecraft:decorated"
    }
  },
  "type": "minecraft:random_patch"
}