{
  "config": {
    "feature": {
      "config": {
        "feature": {
          "config": {
            "feature": {
              "config": {
                "tries": 32,
                "xz_spread": 7,
                "y_spread": 3,
                "feature": {
                  "config": {
                    "feature": {
                      "config": {
                        "to_place": {
                          "entries": [
                            {
                              "data": {
                                "Name": "minecraft:grass"
                              },
                              "weight": 3
                            },
                            {
                              "data": {
                                "Name": "minecraft:fern"
                              },
                              "weight": 1
                            }
                          ],
                          "type": "minecraft:weighted_state_provider"
                        }
                      },
                      "type": "minecraft:simple_block"
                    },
                    "decorator": {
                      "config": {
                        "predicate": {
                          "predicates": [
                            {
                              "blocks": [
                                "minecraft:air"
                              ],
                              "type": "minecraft:matching_blocks"
                            },
                            {
                              "predicate": {
                                "offset": [
                                  0,
                                  -1,
                                  0
                                ],
                                "blocks": [
                                  "minecraft:podzol"
                                ],
                                "type": "minecraft:matching_blocks"
                              },
                              "type": "minecraft:not"
                            }
                          ],
                          "type": "minecraft:all_of"
                        }
                      },
                      "type": "minecraft:block_filter"
                    }
                  },
                  "type": "minecraft:decorated"
                }
              },
              "type": "minecraft:random_patch"
            },
            "decorator": {
              "config": {
                "heightmap": "WORLD_SURFACE_WG"
              },
              "type": "minecraft:heightmap"
            }
          },
          "type": "minecraft:decorated"
        },
        "decorator": {
          "config": {},
          "type": "minecraft:square"
        }
      },
      "type": "minecraft:decorated"
    },
    "decorator": {
      "config": {
        "count": 25
      },
      "type": "minecraft:count"
    }
  },
  "type": "minecraft:decorated"
}