{
  "config": {
    "feature": {
      "config": {
        "feature": {
          "config": {
            "feature": {
              "config": {
                "feature": {
                  "config": {
                    "tries": 96,
                    "xz_spread": 7,
                    "y_spread": 3,
                    "feature": {
                      "config": {
                        "feature": {
                          "config": {
                            "to_place": {
                              "state": {
                                "Properties": {
                                  "half": "lower"
                                },
                                "Name": "minecraft:tall_grass"
                              },
                              "type": "minecraft:simple_state_provider"
                            }
                          },
                          "type": "minecraft:simple_block"
                        },
                        "decorator": {
                          "config": {
                            "predicate": {
                              "blocks": [
                                "minecraft:air"
                              ],
                              "type": "minecraft:matching_blocks"
                            }
                          },
                          "type": "minecraft:block_filter"
                        }
                      },
                      "type": "minecraft:decorated"
                    }
                  },
                  "type": "minecraft:random_patch"
                },
                "decorator": {
                  "config": {
                    "heightmap": "MOTION_BLOCKING"
                  },
                  "type": "minecraft:heightmap"
                }
              },
              "type": "minecraft:decorated"
            },
            "decorator": {
              "config": {},
              "type": "minecraft:square"
            }
          },
          "type": "minecraft:decorated"
        },
        "decorator": {
          "config": {
            "chance": 32
          },
          "type": "minecraft:chance"
        }
      },
      "type": "minecraft:decorated"
    },
    "decorator": {
      "config": {
        "noise_level": -0.8,
        "below_noise": 0,
        "above_noise": 7
      },
      "type": "minecraft:count_noise"
    }
  },
  "type": "minecraft:decorated"
}