{
  "config": {
    "feature": {
      "config": {
        "feature": {
          "config": {
            "allowed_on": [
              "minecraft:grass_block"
            ],
            "disallowed_on": [],
            "only_in_air": false,
            "feature": {
              "config": {
                "feature": {
                  "config": {
                    "to_place": {
                      "state": {
                        "Name": "minecraft:pumpkin"
                      },
                      "type": "minecraft:simple_state_provider"
                    }
                  },
                  "type": "minecraft:simple_block"
                },
                "decorator": {
                  "config": {
                    "predicate": {
                      "blocks": [
                        "minecraft:air"
                      ],
                      "offset": [
                        0,
                        0,
                        0
                      ],
                      "type": "minecraft:matching_blocks"
                    }
                  },
                  "type": "minecraft:block_filter"
                }
              },
              "type": "minecraft:decorated"
            },
            "tries": 96,
            "xz_spread": 7,
            "y_spread": 3
          },
          "type": "minecraft:random_patch"
        },
        "decorator": {
          "config": {
            "outer": {
              "config": {},
              "type": "minecraft:square"
            },
            "inner": {
              "config": {
                "heightmap": "MOTION_BLOCKING"
              },
              "type": "minecraft:heightmap"
            }
          },
          "type": "minecraft:decorated"
        }
      },
      "type": "minecraft:decorated"
    },
    "decorator": {
      "config": {
        "chance": 2048
      },
      "type": "minecraft:chance"
    }
  },
  "type": "minecraft:decorated"
}