{
  "config": {
    "allowed_on": [],
    "disallowed_on": [],
    "only_in_air": false,
    "feature": {
      "config": {
        "feature": {
          "config": {
            "feature": {
              "config": {
                "layers": [
                  {
                    "height": {
                      "type": "minecraft:biased_to_bottom",
                      "value": {
                        "min_inclusive": 1,
                        "max_inclusive": 3
                      }
                    },
                    "provider": {
                      "state": {
                        "Properties": {
                          "age": "0"
                        },
                        "Name": "minecraft:cactus"
                      },
                      "type": "minecraft:simple_state_provider"
                    }
                  }
                ],
                "direction": "up",
                "allow_water": false,
                "prioritize_tip": false
              },
              "type": "minecraft:block_column"
            },
            "decorator": {
              "config": {
                "state": {
                  "Properties": {
                    "age": "0"
                  },
                  "Name": "minecraft:cactus"
                }
              },
              "type": "minecraft:block_survives_filter"
            }
          },
          "type": "minecraft:decorated"
        },
        "decorator": {
          "config": {
            "predicate": {
              "blocks": [
                "minecraft:air"
              ],
              "offset": [
                0,
                0,
                0
              ],
              "type": "minecraft:matching_blocks"
            }
          },
          "type": "minecraft:block_filter"
        }
      },
      "type": "minecraft:decorated"
    },
    "tries": 10,
    "xz_spread": 7,
    "y_spread": 3
  },
  "type": "minecraft:random_patch"
}