{
  "config": {
    "feature": {
      "config": {
        "can_replace": false,
        "project": false,
        "need_water": false,
        "xspread": 7,
        "yspread": 3,
        "zspread": 7,
        "whitelist": [
          {
            "Name": "minecraft:netherrack"
          }
        ],
        "blacklist": [],
        "tries": 64,
        "state_provider": {
          "state": {
            "Properties": {
              "west": "false",
              "up": "false",
              "south": "false",
              "north": "false",
              "east": "false",
              "age": "0"
            },
            "Name": "minecraft:fire"
          },
          "type": "minecraft:simple_state_provider"
        },
        "block_placer": {
          "type": "minecraft:simple_block_placer"
        }
      },
      "type": "minecraft:random_patch"
    },
    "decorator": {
      "config": {
        "outer": {
          "config": {
            "count": {
              "base": 0,
              "spread": 5
            }
          },
          "type": "minecraft:count"
        },
        "inner": {
          "config": {
            "outer": {
              "config": {},
              "type": "minecraft:square"
            },
            "inner": {
              "config": {
                "bottom_inclusive": {
                  "above_bottom": 4
                },
                "top_inclusive": {
                  "below_top": 4
                }
              },
              "type": "minecraft:range"
            }
          },
          "type": "minecraft:decorated"
        }
      },
      "type": "minecraft:decorated"
    }
  },
  "type": "minecraft:decorated"
}