{
  "config": {
    "feature": {
      "config": {
        "feature": {
          "config": {
            "tries": 96,
            "xz_spread": 7,
            "y_spread": 3,
            "feature": {
              "config": {
                "feature": {
                  "config": {
                    "to_place": {
                      "state": {
                        "Name": "minecraft:pumpkin"
                      },
                      "type": "minecraft:simple_state_provider"
                    }
                  },
                  "type": "minecraft:simple_block"
                },
                "decorator": {
                  "config": {
                    "predicate": {
                      "predicates": [
                        {
                          "blocks": [
                            "minecraft:air"
                          ],
                          "type": "minecraft:matching_blocks"
                        },
                        {
                          "offset": [
                            0,
                            -1,
                            0
                          ],
                          "blocks": [
                            "minecraft:grass_block"
                          ],
                          "type": "minecraft:matching_blocks"
                        }
                      ],
                      "type": "minecraft:all_of"
                    }
                  },
                  "type": "minecraft:block_filter"
                }
              },
              "type": "minecraft:decorated"
            }
          },
          "type": "minecraft:random_patch"
        },
        "decorator": {
          "config": {
            "outer": {
              "config": {},
              "type": "minecraft:square"
            },
            "inner": {
              "config": {
                "heightmap": "MOTION_BLOCKING"
              },
              "type": "minecraft:heightmap"
            }
          },
          "type": "minecraft:decorated"
        }
      },
      "type": "minecraft:decorated"
    },
    "decorator": {
      "config": {
        "chance": 2048
      },
      "type": "minecraft:chance"
    }
  },
  "type": "minecraft:decorated"
}