{
  "config": {
    "allowed_on": [
      "minecraft:grass_block"
    ],
    "disallowed_on": [],
    "only_in_air": false,
    "feature": {
      "config": {
        "feature": {
          "config": {
            "to_place": {
              "state": {
                "Properties": {
                  "age": "3"
                },
                "Name": "minecraft:sweet_berry_bush"
              },
              "type": "minecraft:simple_state_provider"
            }
          },
          "type": "minecraft:simple_block"
        },
        "decorator": {
          "config": {
            "predicate": {
              "blocks": [
                "minecraft:air"
              ],
              "offset": [
                0,
                0,
                0
              ],
              "type": "minecraft:matching_blocks"
            }
          },
          "type": "minecraft:block_filter"
        }
      },
      "type": "minecraft:decorated"
    },
    "tries": 96,
    "xz_spread": 7,
    "y_spread": 3
  },
  "type": "minecraft:random_patch"
}