{
  "config": {
    "feature": {
      "config": {
        "feature": {
          "config": {
            "allowed_on": [],
            "disallowed_on": [],
            "only_in_air": false,
            "feature": {
              "config": {
                "feature": {
                  "config": {
                    "feature": {
                      "config": {
                        "feature": {
                          "config": {
                            "layers": [
                              {
                                "height": {
                                  "type": "minecraft:biased_to_bottom",
                                  "value": {
                                    "min_inclusive": 2,
                                    "max_inclusive": 4
                                  }
                                },
                                "provider": {
                                  "state": {
                                    "Properties": {
                                      "age": "0"
                                    },
                                    "Name": "minecraft:sugar_cane"
                                  },
                                  "type": "minecraft:simple_state_provider"
                                }
                              }
                            ],
                            "direction": "up",
                            "allow_water": false,
                            "prioritize_tip": false
                          },
                          "type": "minecraft:block_column"
                        },
                        "decorator": {
                          "config": {
                            "predicate": {
                              "blocks": [
                                "minecraft:air"
                              ],
                              "offset": [
                                0,
                                0,
                                0
                              ],
                              "type": "minecraft:matching_blocks"
                            }
                          },
                          "type": "minecraft:block_filter"
                        }
                      },
                      "type": "minecraft:decorated"
                    },
                    "decorator": {
                      "config": {
                        "state": {
                          "Properties": {
                            "age": "0"
                          },
                          "Name": "minecraft:sugar_cane"
                        }
                      },
                      "type": "minecraft:block_survives_filter"
                    }
                  },
                  "type": "minecraft:decorated"
                },
                "decorator": {
                  "config": {
                    "predicate": {
                      "predicates": [
                        {
                          "fluids": [
                            "minecraft:water",
                            "minecraft:flowing_water"
                          ],
                          "offset": [
                            1,
                            -1,
                            0
                          ],
                          "type": "minecraft:matching_fluids"
                        },
                        {
                          "fluids": [
                            "minecraft:water",
                            "minecraft:flowing_water"
                          ],
                          "offset": [
                            -1,
                            -1,
                            0
                          ],
                          "type": "minecraft:matching_fluids"
                        },
                        {
                          "fluids": [
                            "minecraft:water",
                            "minecraft:flowing_water"
                          ],
                          "offset": [
                            0,
                            -1,
                            1
                          ],
                          "type": "minecraft:matching_fluids"
                        },
                        {
                          "fluids": [
                            "minecraft:water",
                            "minecraft:flowing_water"
                          ],
                          "offset": [
                            0,
                            -1,
                            -1
                          ],
                          "type": "minecraft:matching_fluids"
                        }
                      ],
                      "type": "minecraft:any_of"
                    }
                  },
                  "type": "minecraft:block_filter"
                }
              },
              "type": "minecraft:decorated"
            },
            "tries": 20,
            "xz_spread": 4,
            "y_spread": 0
          },
          "type": "minecraft:random_patch"
        },
        "decorator": {
          "config": {
            "outer": {
              "config": {},
              "type": "minecraft:square"
            },
            "inner": {
              "config": {
                "heightmap": "MOTION_BLOCKING"
              },
              "type": "minecraft:heightmap"
            }
          },
          "type": "minecraft:decorated"
        }
      },
      "type": "minecraft:decorated"
    },
    "decorator": {
      "config": {
        "chance": 6
      },
      "type": "minecraft:chance"
    }
  },
  "type": "minecraft:decorated"
}