{
  "config": {
    "feature": {
      "config": {
        "feature": {
          "config": {
            "feature": {
              "config": {
                "allowed_on": [],
                "disallowed_on": [],
                "only_in_air": false,
                "feature": {
                  "config": {
                    "feature": {
                      "config": {
                        "to_place": {
                          "entries": [
                            {
                              "data": {
                                "Name": "minecraft:grass"
                              },
                              "weight": 1
                            },
                            {
                              "data": {
                                "Name": "minecraft:fern"
                              },
                              "weight": 4
                            }
                          ],
                          "type": "minecraft:weighted_state_provider"
                        }
                      },
                      "type": "minecraft:simple_block"
                    },
                    "decorator": {
                      "config": {
                        "predicate": {
                          "blocks": [
                            "minecraft:air"
                          ],
                          "offset": [
                            0,
                            0,
                            0
                          ],
                          "type": "minecraft:matching_blocks"
                        }
                      },
                      "type": "minecraft:block_filter"
                    }
                  },
                  "type": "minecraft:decorated"
                },
                "tries": 32,
                "xz_spread": 7,
                "y_spread": 3
              },
              "type": "minecraft:random_patch"
            },
            "decorator": {
              "config": {
                "heightmap": "WORLD_SURFACE_WG"
              },
              "type": "minecraft:heightmap"
            }
          },
          "type": "minecraft:decorated"
        },
        "decorator": {
          "config": {},
          "type": "minecraft:square"
        }
      },
      "type": "minecraft:decorated"
    },
    "decorator": {
      "config": {
        "count": 7
      },
      "type": "minecraft:count"
    }
  },
  "type": "minecraft:decorated"
}