{
  "config": {
    "feature": {
      "config": {
        "feature": {
          "config": {
            "features": [
              {
                "feature": "minecraft:fancy_oak_bees_005",
                "chance": 0.33333334
              }
            ],
            "default": "minecraft:oak_bees_005"
          },
          "name": "minecraft:random_selector"
        },
        "decorator": {
          "config": {
            "outer": {
              "config": {},
              "name": "minecraft:square"
            },
            "inner": {
              "config": {},
              "name": "minecraft:heightmap"
            }
          },
          "name": "minecraft:decorated"
        }
      },
      "name": "minecraft:decorated"
    },
    "decorator": {
      "config": {
        "count": 0,
        "extra_chance": 0.05,
        "extra_count": 1
      },
      "name": "minecraft:count_extra"
    }
  },
  "name": "minecraft:decorated"
}