{
  "config": {
    "features": [
      {
        "feature": {
          "config": {
            "chance_of_taller_dripstone": 0.2,
            "chance_of_directional_spread": 0.7,
            "chance_of_spread_radius2": 0.5,
            "chance_of_spread_radius3": 0.5
          },
          "type": "minecraft:pointed_dripstone"
        },
        "placement": [
          {
            "direction_of_search": "down",
            "target_condition": {
              "type": "minecraft:solid"
            },
            "allowed_search_condition": {
              "blocks": [
                "minecraft:air",
                "minecraft:water"
              ],
              "type": "minecraft:matching_blocks"
            },
            "max_steps": 12,
            "type": "minecraft:environment_scan"
          },
          {
            "xz_spread": 0,
            "y_spread": 1,
            "type": "minecraft:random_offset"
          }
        ]
      },
      {
        "feature": {
          "config": {
            "chance_of_taller_dripstone": 0.2,
            "chance_of_directional_spread": 0.7,
            "chance_of_spread_radius2": 0.5,
            "chance_of_spread_radius3": 0.5
          },
          "type": "minecraft:pointed_dripstone"
        },
        "placement": [
          {
            "direction_of_search": "up",
            "target_condition": {
              "type": "minecraft:solid"
            },
            "allowed_search_condition": {
              "blocks": [
                "minecraft:air",
                "minecraft:water"
              ],
              "type": "minecraft:matching_blocks"
            },
            "max_steps": 12,
            "type": "minecraft:environment_scan"
          },
          {
            "xz_spread": 0,
            "y_spread": -1,
            "type": "minecraft:random_offset"
          }
        ]
      }
    ]
  },
  "type": "minecraft:simple_random_selector"
}