{
  "config": {
    "feature": {
      "config": {
        "feature": {
          "config": {
            "feature": {
              "config": {
                "target": {
                  "Name": "minecraft:stone"
                },
                "state": {
                  "Name": "minecraft:emerald_ore"
                }
              },
              "type": "minecraft:emerald_ore"
            },
            "decorator": {
              "config": {
                "height": {
                  "min_inclusive": {
                    "absolute": 32
                  },
                  "max_inclusive": {
                    "absolute": 480
                  },
                  "type": "minecraft:trapezoid"
                }
              },
              "type": "minecraft:range"
            }
          },
          "type": "minecraft:decorated"
        },
        "decorator": {
          "config": {},
          "type": "minecraft:square"
        }
      },
      "type": "minecraft:decorated"
    },
    "decorator": {
      "config": {
        "count": 50
      },
      "type": "minecraft:count"
    }
  },
  "type": "minecraft:decorated"
}