{
  "config": {
    "hanging_root_state_provider": {
      "state": {
        "Properties": {
          "waterlogged": "false"
        },
        "Name": "minecraft:hanging_roots"
      },
      "type": "minecraft:simple_state_provider"
    },
    "hanging_root_placement_attempts": 20,
    "allowed_vertical_water_for_tree": 2,
    "root_column_max_height": 100,
    "hanging_root_radius": 3,
    "hanging_roots_vertical_span": 2,
    "root_replaceable": "minecraft:lush_ground_replaceable",
    "root_state_provider": {
      "state": {
        "Name": "minecraft:rooted_dirt"
      },
      "type": "minecraft:simple_state_provider"
    },
    "root_placement_attempts": 20,
    "feature": {
      "feature": "minecraft:azalea_tree",
      "placement": []
    },
    "required_vertical_space_for_tree": 3,
    "root_radius": 3
  },
  "type": "minecraft:root_system"
}