{
  "config": {
    "feature": {
      "config": {
        "feature": {
          "config": {
            "count": 20
          },
          "name": "minecraft:sea_pickle"
        },
        "decorator": {
          "config": {
            "outer": {
              "config": {},
              "name": "minecraft:square"
            },
            "inner": {
              "config": {},
              "name": "minecraft:top_solid_heightmap"
            }
          },
          "name": "minecraft:decorated"
        }
      },
      "name": "minecraft:decorated"
    },
    "decorator": {
      "config": {
        "chance": 16
      },
      "name": "minecraft:chance"
    }
  },
  "name": "minecraft:decorated"
}