{
  "config": {
    "feature": {
      "config": {
        "to_place": {
          "Name": "minecraft:seagrass"
        },
        "place_on": [
          {
            "Name": "minecraft:stone"
          }
        ],
        "place_in": [
          {
            "Properties": {
              "level": "0"
            },
            "Name": "minecraft:water"
          }
        ],
        "place_under": [
          {
            "Properties": {
              "level": "0"
            },
            "Name": "minecraft:water"
          }
        ]
      },
      "name": "minecraft:simple_block"
    },
    "decorator": {
      "config": {
        "step": "liquid",
        "probability": 0.1
      },
      "name": "minecraft:carving_mask"
    }
  },
  "name": "minecraft:decorated"
}