{
  "config": {
    "feature": {
      "config": {
        "feature": {
          "config": {
            "feature": {
              "config": {
                "to_place": {
                  "state": {
                    "Name": "minecraft:seagrass"
                  },
                  "type": "minecraft:simple_state_provider"
                }
              },
              "type": "minecraft:simple_block"
            },
            "decorator": {
              "config": {
                "predicate": {
                  "predicates": [
                    {
                      "offset": [
                        0,
                        -1,
                        0
                      ],
                      "blocks": [
                        "minecraft:stone"
                      ],
                      "type": "minecraft:matching_blocks"
                    },
                    {
                      "blocks": [
                        "minecraft:water"
                      ],
                      "type": "minecraft:matching_blocks"
                    },
                    {
                      "offset": [
                        0,
                        1,
                        0
                      ],
                      "blocks": [
                        "minecraft:water"
                      ],
                      "type": "minecraft:matching_blocks"
                    }
                  ],
                  "type": "minecraft:all_of"
                }
              },
              "type": "minecraft:block_filter"
            }
          },
          "type": "minecraft:decorated"
        },
        "decorator": {
          "config": {
            "chance": 10
          },
          "type": "minecraft:chance"
        }
      },
      "type": "minecraft:decorated"
    },
    "decorator": {
      "config": {
        "step": "liquid"
      },
      "type": "minecraft:carving_mask"
    }
  },
  "type": "minecraft:decorated"
}