{
  "config": {
    "feature": {
      "config": {
        "feature": {
          "config": {
            "feature": {
              "config": {
                "max_placements": 5,
                "empty_space_search_radius": 10,
                "max_offset_from_origin": 2,
                "chance_of_taller_dripstone": 0.2
              },
              "type": "minecraft:small_dripstone"
            },
            "decorator": {
              "config": {
                "bottom_offset": -64,
                "top_offset": -64,
                "maximum": 60
              },
              "type": "minecraft:range"
            }
          },
          "type": "minecraft:decorated"
        },
        "decorator": {
          "config": {},
          "type": "minecraft:square"
        }
      },
      "type": "minecraft:decorated"
    },
    "decorator": {
      "config": {
        "count": {
          "base": 40,
          "spread": 80
        }
      },
      "type": "minecraft:count"
    }
  },
  "type": "minecraft:decorated"
}