{
  "config": {
    "feature": {
      "config": {
        "feature": {
          "config": {
            "feature": {
              "config": {
                "feature": {
                  "config": {
                    "to_place": {
                      "state": {
                        "Name": "minecraft:spore_blossom"
                      },
                      "type": "minecraft:simple_state_provider"
                    }
                  },
                  "type": "minecraft:simple_block"
                },
                "decorator": {
                  "config": {
                    "surface": "ceiling",
                    "floor_to_ceiling_search_range": 12
                  },
                  "type": "minecraft:cave_surface"
                }
              },
              "type": "minecraft:decorated"
            },
            "decorator": {
              "config": {
                "height": {
                  "min_inclusive": {
                    "above_bottom": 0
                  },
                  "max_inclusive": {
                    "absolute": 256
                  },
                  "type": "minecraft:uniform"
                }
              },
              "type": "minecraft:range"
            }
          },
          "type": "minecraft:decorated"
        },
        "decorator": {
          "config": {},
          "type": "minecraft:square"
        }
      },
      "type": "minecraft:decorated"
    },
    "decorator": {
      "config": {
        "count": 21
      },
      "type": "minecraft:count"
    }
  },
  "type": "minecraft:decorated"
}