{
  "config": {
    "rock_count": 4,
    "hole_count": 1,
    "valid_blocks": [
      "minecraft:stone",
      "minecraft:granite",
      "minecraft:diorite",
      "minecraft:andesite",
      "minecraft:deepslate",
      "minecraft:tuff",
      "minecraft:calcite",
      "minecraft:dirt",
      "minecraft:snow_block",
      "minecraft:powder_snow",
      "minecraft:packed_ice"
    ],
    "state": {
      "Properties": {
        "falling": "true"
      },
      "Name": "minecraft:water"
    },
    "requires_block_below": true
  },
  "type": "minecraft:spring_feature"
}