{
  "config": {
    "max_water_depth": 0,
    "ignore_vines": true,
    "heightmap": "OCEAN_FLOOR",
    "minimum_size": {
      "limit": 2,
      "lower_size": 0,
      "upper_size": 2,
      "type": "minecraft:two_layers_feature_size"
    },
    "decorators": [],
    "trunk_provider": {
      "state": {
        "Properties": {
          "axis": "y"
        },
        "Name": "minecraft:spruce_log"
      },
      "type": "minecraft:simple_state_provider"
    },
    "leaves_provider": {
      "state": {
        "Properties": {
          "persistent": "false",
          "distance": "7"
        },
        "Name": "minecraft:spruce_leaves"
      },
      "type": "minecraft:simple_state_provider"
    },
    "foliage_placer": {
      "radius": {
        "base": 2,
        "spread": 1
      },
      "offset": {
        "base": 0,
        "spread": 2
      },
      "trunk_height": {
        "base": 1,
        "spread": 1
      },
      "type": "minecraft:spruce_foliage_placer"
    },
    "trunk_placer": {
      "base_height": 5,
      "height_rand_a": 2,
      "height_rand_b": 1,
      "type": "minecraft:straight_trunk_placer"
    }
  },
  "name": "minecraft:tree"
}