{
  "config": {
    "feature": {
      "config": {
        "decorators": [
          {
            "probability": 0.002,
            "type": "minecraft:beehive"
          }
        ],
        "ignore_vines": true,
        "force_dirt": false,
        "dirt_provider": {
          "state": {
            "Name": "minecraft:dirt"
          },
          "type": "minecraft:simple_state_provider"
        },
        "minimum_size": {
          "limit": 1,
          "lower_size": 0,
          "upper_size": 1,
          "type": "minecraft:two_layers_feature_size"
        },
        "trunk_provider": {
          "state": {
            "Properties": {
              "axis": "y"
            },
            "Name": "minecraft:birch_log"
          },
          "type": "minecraft:simple_state_provider"
        },
        "trunk_placer": {
          "base_height": 5,
          "height_rand_a": 2,
          "height_rand_b": 6,
          "type": "minecraft:straight_trunk_placer"
        },
        "foliage_provider": {
          "state": {
            "Properties": {
              "persistent": "false",
              "distance": "7"
            },
            "Name": "minecraft:birch_leaves"
          },
          "type": "minecraft:simple_state_provider"
        },
        "foliage_placer": {
          "radius": 2,
          "offset": 0,
          "height": 3,
          "type": "minecraft:blob_foliage_placer"
        }
      },
      "type": "minecraft:tree"
    },
    "decorator": {
      "config": {
        "predicate": {
          "state": {
            "Properties": {
              "stage": "0"
            },
            "Name": "minecraft:birch_sapling"
          },
          "type": "minecraft:would_survive"
        }
      },
      "type": "minecraft:block_filter"
    }
  },
  "type": "minecraft:decorated"
}