{
  "config": {
    "feature": {
      "config": {
        "feature": {
          "config": {
            "feature": {
              "config": {
                "feature": "minecraft:swamp_oak",
                "decorator": {
                  "config": {
                    "heightmap": "OCEAN_FLOOR"
                  },
                  "type": "minecraft:heightmap"
                }
              },
              "type": "minecraft:decorated"
            },
            "decorator": {
              "config": {
                "max_water_depth": 1
              },
              "type": "minecraft:heightmap_with_water_threshold"
            }
          },
          "type": "minecraft:decorated"
        },
        "decorator": {
          "config": {},
          "type": "minecraft:square"
        }
      },
      "type": "minecraft:decorated"
    },
    "decorator": {
      "config": {
        "count": 2,
        "extra_chance": 0.1,
        "extra_count": 1
      },
      "type": "minecraft:count_extra"
    }
  },
  "type": "minecraft:decorated"
}