{
  "config": {
    "feature": {
      "config": {
        "feature": {
          "config": {
            "feature": {
              "config": {
                "feature": {
                  "config": {
                    "floor_search_range": 5,
                    "placement_radius_around_floor": 1,
                    "placement_probability_per_valid_position": 0.5
                  },
                  "type": "minecraft:underwater_magma"
                },
                "decorator": {
                  "config": {
                    "heightmap": "OCEAN_FLOOR_WG",
                    "max_inclusive": -2
                  },
                  "type": "minecraft:surface_relative_threshold"
                }
              },
              "type": "minecraft:decorated"
            },
            "decorator": {
              "config": {},
              "type": "minecraft:square"
            }
          },
          "type": "minecraft:decorated"
        },
        "decorator": {
          "config": {
            "height": {
              "min_inclusive": {
                "above_bottom": 0
              },
              "max_inclusive": {
                "absolute": 120
              },
              "type": "minecraft:uniform"
            }
          },
          "type": "minecraft:range"
        }
      },
      "type": "minecraft:decorated"
    },
    "decorator": {
      "config": {
        "count": {
          "type": "minecraft:uniform",
          "value": {
            "min_inclusive": 25,
            "max_inclusive": 30
          }
        }
      },
      "type": "minecraft:count"
    }
  },
  "type": "minecraft:decorated"
}