{
  "config": {
    "feature": {
      "config": {
        "feature": {
          "config": {
            "feature": {
              "config": {
                "floor_search_range": 5,
                "placement_radius_around_floor": 1,
                "placement_probability_per_valid_position": 0.5
              },
              "type": "minecraft:underwater_magma"
            },
            "decorator": {
              "config": {},
              "type": "minecraft:square"
            }
          },
          "type": "minecraft:decorated"
        },
        "decorator": {
          "config": {
            "bottom_offset": -64,
            "top_offset": -64,
            "maximum": 40
          },
          "type": "minecraft:range"
        }
      },
      "type": "minecraft:decorated"
    },
    "decorator": {
      "config": {
        "count": {
          "base": 4,
          "spread": 6
        }
      },
      "type": "minecraft:count"
    }
  },
  "type": "minecraft:decorated"
}